{
	"credit": "Made with Blockbench",
	"texture_size": [32, 32],
	"textures": {
		"0": "mario:block/3dsblock",
		"particle": "3dsblock"
	},
	"elements": [
		{
			"from": [4, 0, 4],
			"to": [13, 1, 10],
			"rotation": {"angle": 0, "axis": "y", "origin": [4, 0, 4]},
			"faces": {
				"north": {"uv": [0, 6, 4.5, 6.5], "texture": "#0"},
				"east": {"uv": [0, 7, 3, 7.5], "texture": "#0"},
				"south": {"uv": [4.5, 6, 9, 6.5], "texture": "#0"},
				"west": {"uv": [3, 7, 6, 7.5], "texture": "#0"},
				"up": {"uv": [4.5, 3, 0, 0], "texture": "#0"},
				"down": {"uv": [4.5, 3, 0, 6], "texture": "#0"}
			}
		},
		{
			"from": [11, 0.2, 7],
			"to": [12.5, 1.2, 8.5],
			"rotation": {"angle": 0, "axis": "x", "origin": [10, 1, 6]},
			"faces": {
				"north": {"uv": [1, 7.5, 2, 8], "texture": "#0"},
				"east": {"uv": [2, 7.5, 3, 8], "texture": "#0"},
				"south": {"uv": [3, 7.5, 4, 8], "texture": "#0"},
				"west": {"uv": [4, 7.5, 5, 8], "texture": "#0"},
				"up": {"uv": [8, 8, 7, 7], "texture": "#0"},
				"down": {"uv": [1, 7.5, 0, 8.5], "texture": "#0"}
			}
		},
		{
			"from": [4, 0, 9],
			"to": [13, 6, 10],
			"rotation": {"angle": 45, "axis": "x", "origin": [4, 0, 10]},
			"faces": {
				"north": {"uv": [4.5, 0, 9, 3], "texture": "#0"},
				"east": {"uv": [6, 7, 6.5, 10], "texture": "#0"},
				"south": {"uv": [4.5, 3, 9, 6], "texture": "#0"},
				"west": {"uv": [6.5, 7, 7, 10], "texture": "#0"},
				"up": {"uv": [4.5, 7, 0, 6.5], "texture": "#0"},
				"down": {"uv": [9, 6.5, 4.5, 7], "texture": "#0"}
			}
		}
	],
	"display": {
		"thirdperson_righthand": {
			"rotation": [0, 180, 0],
			"translation": [0, 7.5, 0]
		},
		"firstperson_righthand": {
			"rotation": [4, 153, 0],
			"translation": [1.25, 8.5, 1]
		},
		"firstperson_lefthand": {
			"rotation": [4, 153, 0],
			"translation": [1.25, 8.5, 1]
		},
		"ground": {
			"translation": [0, 4.75, 0]
		},
		"gui": {
			"rotation": [23, 157, 0],
			"translation": [0.5, 4, 0]
		},
		"head": {
			"translation": [-0.5, 14.25, 0.25]
		},
		"fixed": {
			"rotation": [-90, 0, 0],
			"translation": [-0.75, 0.5, -14.25],
			"scale": [2, 2, 2]
		}
	}
}