{
	"credit": "Made with Blockbench",
	"texture_size": [128, 128],
	"textures": {
		"0": "mario:block/bench",
		"particle": "mario:block/bench"
	},
	"elements": [
		{
			"from": [-5, 0, 4],
			"to": [-3, 8, 12],
			"rotation": {"angle": 0, "axis": "y", "origin": [-5, 0, 4]},
			"faces": {
				"north": {"uv": [5, 2.125, 5.25, 3.125], "texture": "#0"},
				"east": {"uv": [4, 1.875, 5, 2.875], "texture": "#0"},
				"south": {"uv": [5, 3.125, 5.25, 4.125], "texture": "#0"},
				"west": {"uv": [4, 2.875, 5, 3.875], "texture": "#0"},
				"up": {"uv": [5.25, 5.125, 5, 4.125], "texture": "#0"},
				"down": {"uv": [0.25, 5.125, 0, 6.125], "texture": "#0"}
			}
		},
		{
			"from": [7, 0, 4],
			"to": [9, 8, 12],
			"rotation": {"angle": 0, "axis": "y", "origin": [7, 0, 4]},
			"faces": {
				"north": {"uv": [5, 2.125, 5.25, 3.125], "texture": "#0"},
				"east": {"uv": [4, 1.875, 5, 2.875], "texture": "#0"},
				"south": {"uv": [5, 3.125, 5.25, 4.125], "texture": "#0"},
				"west": {"uv": [4, 2.875, 5, 3.875], "texture": "#0"},
				"up": {"uv": [5.25, 5.125, 5, 4.125], "texture": "#0"},
				"down": {"uv": [0.25, 5.125, 0, 6.125], "texture": "#0"}
			}
		},
		{
			"from": [-8, 8, 2],
			"to": [24, 9, 14],
			"rotation": {"angle": 0, "axis": "y", "origin": [-8, 8, 2]},
			"faces": {
				"north": {"uv": [1, 4.875, 5, 5], "texture": "#0"},
				"east": {"uv": [1, 4.125, 2.5, 4.25], "texture": "#0"},
				"south": {"uv": [1, 5, 5, 5.125], "texture": "#0"},
				"west": {"uv": [2.5, 4.125, 4, 4.25], "texture": "#0"},
				"up": {"uv": [4, 1.5, 0, 0], "texture": "#0"},
				"down": {"uv": [4, 1.5, 0, 3], "texture": "#0"}
			}
		},
		{
			"from": [-8, 10, 14],
			"to": [24, 19, 15],
			"rotation": {"angle": 22.5, "axis": "x", "origin": [-8, 10, 15]},
			"faces": {
				"north": {"uv": [0, 3, 4, 4.125], "texture": "#0"},
				"east": {"uv": [1.25, 5.125, 1.375, 6.25], "texture": "#0"},
				"south": {"uv": [4, 0, 8, 1.125], "texture": "#0"},
				"west": {"uv": [1.375, 5.125, 1.5, 6.25], "texture": "#0"},
				"up": {"uv": [9, 2, 5, 1.875], "texture": "#0"},
				"down": {"uv": [9, 2, 5, 2.125], "texture": "#0"}
			}
		},
		{
			"from": [-8, 8, 14],
			"to": [24, 11, 14],
			"rotation": {"angle": 22.5, "axis": "x", "origin": [-8, 8, 15]},
			"faces": {
				"north": {"uv": [4, 1.125, 8, 1.5], "texture": "#0"},
				"east": {"uv": [0, 0, 0, 0.375], "texture": "#0"},
				"south": {"uv": [4, 1.5, 8, 1.875], "texture": "#0"},
				"west": {"uv": [0, 0, 0, 0.375], "texture": "#0"},
				"up": {"uv": [4, 0, 0, 0], "texture": "#0"},
				"down": {"uv": [4, 0, 0, 0], "texture": "#0"}
			}
		},
		{
			"from": [19, 0, 4],
			"to": [21, 8, 12],
			"rotation": {"angle": 0, "axis": "y", "origin": [19, 0, 4]},
			"faces": {
				"north": {"uv": [0.25, 5.125, 0.5, 6.125], "texture": "#0"},
				"east": {"uv": [4, 3.875, 5, 4.875], "texture": "#0"},
				"south": {"uv": [0.75, 5.125, 0.5, 6.125], "texture": "#0"},
				"west": {"uv": [0, 4.125, 1, 5.125], "texture": "#0"},
				"up": {"uv": [1, 6.125, 0.75, 5.125], "texture": "#0"},
				"down": {"uv": [1.25, 5.125, 1, 6.125], "texture": "#0"}
			}
		}
	],
	"display": {
		"thirdperson_righthand": {
			"rotation": [5, 0, 0],
			"translation": [0, -2, -1.75],
			"scale": [0.5, 0.5, 0.5]
		},
		"thirdperson_lefthand": {
			"rotation": [5, 0, 0],
			"translation": [0, -2, -1.75],
			"scale": [0.5, 0.5, 0.5]
		},
		"firstperson_righthand": {
			"rotation": [5, 0, 0],
			"translation": [0, -2, -1.75],
			"scale": [0.5, 0.5, 0.5]
		},
		"firstperson_lefthand": {
			"rotation": [5, 0, 0],
			"translation": [0, -2, -1.75],
			"scale": [0.5, 0.5, 0.5]
		},
		"ground": {
			"rotation": [5, 0, 0],
			"translation": [0, -2, -1.75],
			"scale": [0.5, 0.5, 0.5]
		},
		"gui": {
			"rotation": [27, 132, 0],
			"translation": [-0.75, -2, -1.75],
			"scale": [0.5, 0.5, 0.5]
		},
		"head": {
			"translation": [0, 6.5, 0]
		},
		"fixed": {
			"rotation": [-90, 0, 0],
			"translation": [-0.5, -0.5, -13.5],
			"scale": [2.5, 2, 2]
		}
	},
	"groups": [
		{
			"name": "group",
			"origin": [19, 0, 4],
			"color": 0,
			"children": [0, 1, 2, 3, 4, 5]
		}
	]
}