{
	"credit": "Made with Blockbench",
	"texture_size": [128, 128],
	"textures": {
		"0": "mario:block/bluearcade"
	},
	"elements": [
		{
			"from": [0, -5, 0],
			"to": [1, 11, 16],
			"rotation": {"angle": 0, "axis": "y", "origin": [0, -5, 0]},
			"faces": {
				"north": {"uv": [1.75, 8.25, 1.875, 10.25], "texture": "#0"},
				"east": {"uv": [0, 0, 2, 2], "texture": "#0"},
				"south": {"uv": [1.875, 8.25, 2, 10.25], "texture": "#0"},
				"west": {"uv": [0, 2, 2, 4], "texture": "#0"},
				"up": {"uv": [8.375, 10.25, 8.25, 8.25], "texture": "#0"},
				"down": {"uv": [8.5, 3.5, 8.375, 5.5], "texture": "#0"}
			}
		},
		{
			"from": [0, 11, 4],
			"to": [1, 23, 16],
			"rotation": {"angle": 0, "axis": "y", "origin": [0, 11, 4]},
			"faces": {
				"north": {"uv": [8.5, 0, 8.625, 1.5], "texture": "#0"},
				"east": {"uv": [0, 6, 1.5, 7.5], "texture": "#0"},
				"south": {"uv": [8.625, 0, 8.75, 1.5], "texture": "#0"},
				"west": {"uv": [1.5, 6, 3, 7.5], "texture": "#0"},
				"up": {"uv": [5.375, 10.125, 5.25, 8.625], "texture": "#0"},
				"down": {"uv": [5.5, 8.625, 5.375, 10.125], "texture": "#0"}
			}
		},
		{
			"from": [15, 23, 0],
			"to": [16, 29, 16],
			"rotation": {"angle": 0, "axis": "y", "origin": [15, 20, 0]},
			"faces": {
				"north": {"uv": [3, 6, 3.125, 6.75], "texture": "#0"},
				"east": {"uv": [4.75, 7.25, 6.75, 8], "texture": "#0"},
				"south": {"uv": [3.125, 6, 3.25, 6.75], "texture": "#0"},
				"west": {"uv": [7.375, 1.625, 9.375, 2.375], "texture": "#0"},
				"up": {"uv": [8.5, 10.25, 8.375, 8.25], "texture": "#0"},
				"down": {"uv": [8.625, 3.5, 8.5, 5.5], "texture": "#0"}
			}
		},
		{
			"from": [15, -5, 0],
			"to": [16, 11, 16],
			"rotation": {"angle": 0, "axis": "y", "origin": [15, -5, 0]},
			"faces": {
				"north": {"uv": [8.5, 7.625, 8.625, 9.625], "texture": "#0"},
				"east": {"uv": [2, 0, 4, 2], "texture": "#0"},
				"south": {"uv": [8.625, 3.5, 8.75, 5.5], "texture": "#0"},
				"west": {"uv": [2, 2, 4, 4], "texture": "#0"},
				"up": {"uv": [4.875, 10.625, 4.75, 8.625], "texture": "#0"},
				"down": {"uv": [5, 8.625, 4.875, 10.625], "texture": "#0"}
			}
		},
		{
			"from": [15, 11, 4],
			"to": [16, 23, 16],
			"rotation": {"angle": 0, "axis": "y", "origin": [15, 11, 4]},
			"faces": {
				"north": {"uv": [5.5, 8.625, 5.625, 10.125], "texture": "#0"},
				"east": {"uv": [6.875, 3.625, 8.375, 5.125], "texture": "#0"},
				"south": {"uv": [8.625, 5.5, 8.75, 7], "texture": "#0"},
				"west": {"uv": [6.875, 5.125, 8.375, 6.625], "texture": "#0"},
				"up": {"uv": [5.75, 10.125, 5.625, 8.625], "texture": "#0"},
				"down": {"uv": [5.875, 8.625, 5.75, 10.125], "texture": "#0"}
			}
		},
		{
			"from": [0, 23, 0],
			"to": [1, 29, 16],
			"rotation": {"angle": 0, "axis": "y", "origin": [0, 20, 0]},
			"faces": {
				"north": {"uv": [3.25, 6, 3.375, 6.75], "texture": "#0"},
				"east": {"uv": [7.375, 2.375, 9.375, 3.125], "texture": "#0"},
				"south": {"uv": [8.375, 5.5, 8.5, 6.25], "texture": "#0"},
				"west": {"uv": [0, 7.5, 2, 8.25], "texture": "#0"},
				"up": {"uv": [5.125, 10.625, 5, 8.625], "texture": "#0"},
				"down": {"uv": [5.25, 8.625, 5.125, 10.625], "texture": "#0"}
			}
		},
		{
			"from": [1, -5, 2],
			"to": [15, 11, 15],
			"rotation": {"angle": 0, "axis": "y", "origin": [1, -5, 2]},
			"faces": {
				"north": {"uv": [0, 4, 1.75, 6], "texture": "#0"},
				"east": {"uv": [1.75, 4, 3.375, 6], "texture": "#0"},
				"south": {"uv": [4, 0, 5.75, 2], "texture": "#0"},
				"west": {"uv": [4, 2, 5.625, 4], "texture": "#0"},
				"up": {"uv": [7.375, 3.625, 5.625, 2], "texture": "#0"},
				"down": {"uv": [7.5, 0, 5.75, 1.625], "texture": "#0"}
			}
		},
		{
			"from": [1, 11, 7],
			"to": [15, 23, 15],
			"rotation": {"angle": 0, "axis": "y", "origin": [1, 11, 7]},
			"faces": {
				"north": {"uv": [3.375, 5.75, 5.125, 7.25], "texture": "#0"},
				"east": {"uv": [7.5, 0, 8.5, 1.5], "texture": "#0"},
				"south": {"uv": [5.125, 5.75, 6.875, 7.25], "texture": "#0"},
				"west": {"uv": [2, 7.5, 3, 9], "texture": "#0"},
				"up": {"uv": [8.625, 7.625, 6.875, 6.625], "texture": "#0"},
				"down": {"uv": [4.75, 7.25, 3, 8.25], "texture": "#0"}
			}
		},
		{
			"from": [1, 23, 1],
			"to": [15, 28, 15],
			"rotation": {"angle": 0, "axis": "y", "origin": [-3, 23, 1]},
			"faces": {
				"north": {"uv": [6.75, 7.625, 8.5, 8.25], "texture": "#0"},
				"east": {"uv": [4.75, 8, 6.5, 8.625], "texture": "#0"},
				"south": {"uv": [0, 8.25, 1.75, 8.875], "texture": "#0"},
				"west": {"uv": [3, 8.25, 4.75, 8.875], "texture": "#0"},
				"up": {"uv": [5.125, 5.75, 3.375, 4], "texture": "#0"},
				"down": {"uv": [6.875, 4, 5.125, 5.75], "texture": "#0"}
			}
		},
		{
			"from": [1, 11, 4],
			"to": [15, 14, 4],
			"rotation": {"angle": 0, "axis": "y", "origin": [1, 11, 4]},
			"faces": {
				"north": {"uv": [7.375, 3.125, 9.125, 3.5], "texture": "#0"},
				"east": {"uv": [0, 0, 0, 0.375], "texture": "#0"},
				"south": {"uv": [6.5, 8.25, 8.25, 8.625], "texture": "#0"},
				"west": {"uv": [0, 0, 0, 0.375], "texture": "#0"},
				"up": {"uv": [1.75, 0, 0, 0], "texture": "#0"},
				"down": {"uv": [1.75, 0, 0, 0], "texture": "#0"}
			}
		}
	],
	"display": {
		"thirdperson_righthand": {
			"rotation": [4, 153, 0],
			"translation": [1.25, 0.75, -2.5],
			"scale": [0.25, 0.25, 0.25]
		},
		"thirdperson_lefthand": {
			"rotation": [4, 153, 0],
			"translation": [1.25, 0.75, -2.5],
			"scale": [0.25, 0.25, 0.25]
		},
		"firstperson_righthand": {
			"rotation": [4, 153, 0],
			"translation": [0.75, 1.5, 0],
			"scale": [0.25, 0.25, 0.25]
		},
		"firstperson_lefthand": {
			"rotation": [4, 153, 0],
			"translation": [2.5, 2, -0.25],
			"scale": [0.25, 0.25, 0.25]
		},
		"ground": {
			"translation": [0, 2.25, 0],
			"scale": [0.5, 0.5, 0.5]
		},
		"gui": {
			"rotation": [17, 136, 0],
			"translation": [0, -1.75, 0],
			"scale": [0.5, 0.5, 0.5]
		},
		"head": {
			"translation": [0, 12.75, 0],
			"scale": [0.5, 0.5, 0.5]
		},
		"fixed": {
			"rotation": [-90, 0, 0],
			"translation": [0, 0, -24],
			"scale": [2, 2, 2]
		}
	},
	"groups": [
		{
			"name": "group",
			"origin": [1, 11, 4],
			"color": 0,
			"children": [0, 1, 2, 3, 4, 5, 6, 7, 8, 9]
		}
	]
}