{
	"credit": "Made with Blockbench",
	"texture_size": [128, 128],
	"textures": {
		"0": "mario:block/bluecar",
		"particle": "mario:block/bluecar"
	},
	"elements": [
		{
			"from": [-8, 12, -3],
			"to": [22, 22, 24],
			"rotation": {"angle": 0, "axis": "y", "origin": [-3, 15, 13]},
			"faces": {
				"north": {"uv": [7.5, 11, 11.25, 12.25], "texture": "#0"},
				"east": {"uv": [11.75, 0, 15.125, 1.25], "texture": "#0"},
				"south": {"uv": [11.25, 11, 15, 12.25], "texture": "#0"},
				"west": {"uv": [11.75, 1.25, 15.125, 2.5], "texture": "#0"},
				"up": {"uv": [3.75, 9.125, 0, 5.75], "texture": "#0"},
				"down": {"uv": [7.5, 5.75, 3.75, 9.125], "texture": "#0"}
			}
		},
		{
			"from": [-8, 0, -15],
			"to": [22, 12, 31],
			"rotation": {"angle": 0, "axis": "y", "origin": [-3, 3, 1]},
			"faces": {
				"north": {"uv": [0, 10.625, 3.75, 12.125], "texture": "#0"},
				"east": {"uv": [7.5, 5, 13.25, 6.5], "texture": "#0"},
				"south": {"uv": [3.75, 11, 7.5, 12.5], "texture": "#0"},
				"west": {"uv": [7.5, 6.5, 13.25, 8], "texture": "#0"},
				"up": {"uv": [3.75, 5.75, 0, 0], "texture": "#0"},
				"down": {"uv": [7.5, 0, 3.75, 5.75], "texture": "#0"}
			}
		},
		{
			"from": [-8, 0, -15],
			"to": [22, 0, 31],
			"rotation": {"angle": 0, "axis": "y", "origin": [-3, 3, 1]},
			"faces": {
				"north": {"uv": [0, 10.625, 3.75, 12.125], "texture": "#0"},
				"east": {"uv": [7.5, 5, 13.25, 6.5], "texture": "#0"},
				"south": {"uv": [3.75, 11, 7.5, 12.5], "texture": "#0"},
				"west": {"uv": [7.5, 6.5, 13.25, 8], "texture": "#0"},
				"up": {"uv": [3.75, 5.75, 0, 0], "texture": "#0"},
				"down": {"uv": [7.5, 0, 3.75, 5.75], "texture": "#0"}
			}
		},
		{
			"from": [-10, 0, -3],
			"to": [24, 2, 17],
			"rotation": {"angle": 0, "axis": "y", "origin": [-4, 3, 0]},
			"faces": {
				"north": {"uv": [11.75, 8.625, 16, 8.875], "texture": "#0"},
				"east": {"uv": [4.25, 9.125, 6.75, 9.375], "texture": "#0"},
				"south": {"uv": [11.75, 8.875, 16, 9.125], "texture": "#0"},
				"west": {"uv": [0, 12.125, 2.5, 12.375], "texture": "#0"},
				"up": {"uv": [11.75, 2.5, 7.5, 0], "texture": "#0"},
				"down": {"uv": [11.75, 2.5, 7.5, 5], "texture": "#0"}
			}
		},
		{
			"from": [-10, 0, -16],
			"to": [24, 2, -11],
			"rotation": {"angle": 0, "axis": "y", "origin": [-4, 3, 0]},
			"faces": {
				"north": {"uv": [11.75, 9.125, 16, 9.375], "texture": "#0"},
				"east": {"uv": [6.75, 9.125, 7.375, 9.375], "texture": "#0"},
				"south": {"uv": [7.5, 12.25, 11.75, 12.5], "texture": "#0"},
				"west": {"uv": [12.75, 12.5, 13.375, 12.75], "texture": "#0"},
				"up": {"uv": [16, 4.875, 11.75, 4.25], "texture": "#0"},
				"down": {"uv": [16, 8, 11.75, 8.625], "texture": "#0"}
			}
		},
		{
			"from": [-10, 0, 25],
			"to": [24, 2, 32],
			"rotation": {"angle": 0, "axis": "y", "origin": [-4, 3, 0]},
			"faces": {
				"north": {"uv": [11.75, 12.25, 16, 12.5], "texture": "#0"},
				"east": {"uv": [2.5, 12.125, 3.375, 12.375], "texture": "#0"},
				"south": {"uv": [0, 12.5, 4.25, 12.75], "texture": "#0"},
				"west": {"uv": [12.25, 13.75, 13.125, 14], "texture": "#0"},
				"up": {"uv": [16, 3.375, 11.75, 2.5], "texture": "#0"},
				"down": {"uv": [16, 3.375, 11.75, 4.25], "texture": "#0"}
			}
		},
		{
			"from": [-10, 4, -13],
			"to": [24, 6, -1],
			"rotation": {"angle": 0, "axis": "y", "origin": [-4, 7, -38]},
			"faces": {
				"north": {"uv": [4.25, 12.5, 8.5, 12.75], "texture": "#0"},
				"east": {"uv": [12.75, 10.375, 14.25, 10.625], "texture": "#0"},
				"south": {"uv": [8.5, 12.5, 12.75, 12.75], "texture": "#0"},
				"west": {"uv": [12.75, 10.625, 14.25, 10.875], "texture": "#0"},
				"up": {"uv": [11.75, 9.5, 7.5, 8], "texture": "#0"},
				"down": {"uv": [4.25, 9.125, 0, 10.625], "texture": "#0"}
			}
		},
		{
			"from": [-10, 4, 15],
			"to": [24, 6, 27],
			"rotation": {"angle": 0, "axis": "y", "origin": [-4, 7, -10]},
			"faces": {
				"north": {"uv": [4.25, 12.5, 8.5, 12.75], "texture": "#0"},
				"east": {"uv": [12.75, 10.375, 14.25, 10.625], "texture": "#0"},
				"south": {"uv": [8.5, 12.5, 12.75, 12.75], "texture": "#0"},
				"west": {"uv": [12.75, 10.625, 14.25, 10.875], "texture": "#0"},
				"up": {"uv": [11.75, 9.5, 7.5, 8], "texture": "#0"},
				"down": {"uv": [4.25, 9.125, 0, 10.625], "texture": "#0"}
			}
		},
		{
			"from": [-10, 2, -13],
			"to": [-8, 4, -11],
			"rotation": {"angle": 0, "axis": "y", "origin": [-31, 5, -38]},
			"faces": {
				"north": {"uv": [1, 14, 1.25, 14.25], "texture": "#0"},
				"east": {"uv": [1.25, 14, 1.5, 14.25], "texture": "#0"},
				"south": {"uv": [1.5, 14, 1.75, 14.25], "texture": "#0"},
				"west": {"uv": [1.75, 14, 2, 14.25], "texture": "#0"},
				"up": {"uv": [2.25, 14.25, 2, 14], "texture": "#0"},
				"down": {"uv": [2.5, 14, 2.25, 14.25], "texture": "#0"}
			}
		},
		{
			"from": [-10, 2, -3],
			"to": [-8, 4, -1],
			"rotation": {"angle": 0, "axis": "y", "origin": [-31, 5, -28]},
			"faces": {
				"north": {"uv": [2.5, 14, 2.75, 14.25], "texture": "#0"},
				"east": {"uv": [2.75, 14, 3, 14.25], "texture": "#0"},
				"south": {"uv": [3, 14, 3.25, 14.25], "texture": "#0"},
				"west": {"uv": [3.25, 14, 3.5, 14.25], "texture": "#0"},
				"up": {"uv": [3.75, 14.25, 3.5, 14], "texture": "#0"},
				"down": {"uv": [4, 14, 3.75, 14.25], "texture": "#0"}
			}
		},
		{
			"from": [-10, 2, 15],
			"to": [-8, 4, 17],
			"rotation": {"angle": 0, "axis": "y", "origin": [-31, 5, -10]},
			"faces": {
				"north": {"uv": [4, 14, 4.25, 14.25], "texture": "#0"},
				"east": {"uv": [4.25, 14, 4.5, 14.25], "texture": "#0"},
				"south": {"uv": [4.5, 14, 4.75, 14.25], "texture": "#0"},
				"west": {"uv": [4.75, 14, 5, 14.25], "texture": "#0"},
				"up": {"uv": [5.25, 14.25, 5, 14], "texture": "#0"},
				"down": {"uv": [5.5, 14, 5.25, 14.25], "texture": "#0"}
			}
		},
		{
			"from": [22, 2, 25],
			"to": [24, 4, 27],
			"rotation": {"angle": 0, "axis": "y", "origin": [1, 5, 0]},
			"faces": {
				"north": {"uv": [5.5, 14, 5.75, 14.25], "texture": "#0"},
				"east": {"uv": [5.75, 14, 6, 14.25], "texture": "#0"},
				"south": {"uv": [6, 14, 6.25, 14.25], "texture": "#0"},
				"west": {"uv": [6.25, 14, 6.5, 14.25], "texture": "#0"},
				"up": {"uv": [6.75, 14.25, 6.5, 14], "texture": "#0"},
				"down": {"uv": [7, 14, 6.75, 14.25], "texture": "#0"}
			}
		},
		{
			"from": [22, 2, 15],
			"to": [24, 4, 17],
			"rotation": {"angle": 0, "axis": "y", "origin": [1, 5, -10]},
			"faces": {
				"north": {"uv": [4, 14, 4.25, 14.25], "texture": "#0"},
				"east": {"uv": [4.25, 14, 4.5, 14.25], "texture": "#0"},
				"south": {"uv": [4.5, 14, 4.75, 14.25], "texture": "#0"},
				"west": {"uv": [4.75, 14, 5, 14.25], "texture": "#0"},
				"up": {"uv": [5.25, 14.25, 5, 14], "texture": "#0"},
				"down": {"uv": [5.5, 14, 5.25, 14.25], "texture": "#0"}
			}
		},
		{
			"from": [22, 2, -3],
			"to": [24, 4, -1],
			"rotation": {"angle": 0, "axis": "y", "origin": [1, 5, -28]},
			"faces": {
				"north": {"uv": [5.5, 14, 5.75, 14.25], "texture": "#0"},
				"east": {"uv": [5.75, 14, 6, 14.25], "texture": "#0"},
				"south": {"uv": [6, 14, 6.25, 14.25], "texture": "#0"},
				"west": {"uv": [6.25, 14, 6.5, 14.25], "texture": "#0"},
				"up": {"uv": [6.75, 14.25, 6.5, 14], "texture": "#0"},
				"down": {"uv": [7, 14, 6.75, 14.25], "texture": "#0"}
			}
		},
		{
			"from": [22, 2, -13],
			"to": [24, 4, -11],
			"rotation": {"angle": 0, "axis": "y", "origin": [1, 5, -38]},
			"faces": {
				"north": {"uv": [4, 14, 4.25, 14.25], "texture": "#0"},
				"east": {"uv": [4.25, 14, 4.5, 14.25], "texture": "#0"},
				"south": {"uv": [4.5, 14, 4.75, 14.25], "texture": "#0"},
				"west": {"uv": [4.75, 14, 5, 14.25], "texture": "#0"},
				"up": {"uv": [5.25, 14.25, 5, 14], "texture": "#0"},
				"down": {"uv": [5.5, 14, 5.25, 14.25], "texture": "#0"}
			}
		},
		{
			"from": [-10, 2, 25],
			"to": [-8, 4, 27],
			"rotation": {"angle": 0, "axis": "y", "origin": [-31, 5, 0]},
			"faces": {
				"north": {"uv": [5.5, 14, 5.75, 14.25], "texture": "#0"},
				"east": {"uv": [5.75, 14, 6, 14.25], "texture": "#0"},
				"south": {"uv": [6, 14, 6.25, 14.25], "texture": "#0"},
				"west": {"uv": [6.25, 14, 6.5, 14.25], "texture": "#0"},
				"up": {"uv": [6.75, 14.25, 6.5, 14], "texture": "#0"},
				"down": {"uv": [7, 14, 6.75, 14.25], "texture": "#0"}
			}
		},
		{
			"from": [19, -5, 17],
			"to": [24, 3, 25],
			"rotation": {"angle": 0, "axis": "y", "origin": [19, -5, 17]},
			"faces": {
				"north": {"uv": [4.5, 13, 5.125, 14], "texture": "#0"},
				"east": {"uv": [9.5, 12.75, 10.5, 13.75], "texture": "#0"},
				"south": {"uv": [5.125, 13, 5.75, 14], "texture": "#0"},
				"west": {"uv": [10.5, 12.75, 11.5, 13.75], "texture": "#0"},
				"up": {"uv": [6.375, 14, 5.75, 13], "texture": "#0"},
				"down": {"uv": [7, 13, 6.375, 14], "texture": "#0"}
			}
		},
		{
			"from": [-10, -5, 17],
			"to": [-5, 3, 25],
			"rotation": {"angle": 0, "axis": "y", "origin": [-10, -5, 17]},
			"faces": {
				"north": {"uv": [2, 12.75, 2.625, 13.75], "texture": "#0"},
				"east": {"uv": [0, 13, 1, 14], "texture": "#0"},
				"south": {"uv": [2, 13, 2.625, 14], "texture": "#0"},
				"west": {"uv": [1, 13, 2, 14], "texture": "#0"},
				"up": {"uv": [2.625, 14, 2, 13], "texture": "#0"},
				"down": {"uv": [2.625, 13, 2, 14], "texture": "#0"}
			}
		},
		{
			"from": [-10, -5, 17],
			"to": [-5, 3, 25],
			"rotation": {"angle": 0, "axis": "y", "origin": [-10, -5, 17]},
			"faces": {
				"north": {"uv": [2, 12.75, 2.625, 13.75], "texture": "#0"},
				"east": {"uv": [0, 13, 1, 14], "texture": "#0"},
				"south": {"uv": [2, 13, 2.625, 14], "texture": "#0"},
				"west": {"uv": [1, 13, 2, 14], "texture": "#0"},
				"up": {"uv": [2.625, 14, 2, 13], "texture": "#0"},
				"down": {"uv": [2.625, 13, 2, 14], "texture": "#0"}
			}
		},
		{
			"from": [20, -5, -11],
			"to": [25, 3, -3],
			"rotation": {"angle": 0, "axis": "y", "origin": [20, -5, -11]},
			"faces": {
				"north": {"uv": [2, 13, 2.625, 14], "texture": "#0"},
				"east": {"uv": [0, 13, 1, 14], "texture": "#0"},
				"south": {"uv": [2, 13, 2.625, 14], "texture": "#0"},
				"west": {"uv": [1, 13, 2, 14], "texture": "#0"},
				"up": {"uv": [2.625, 14, 2, 13], "texture": "#0"},
				"down": {"uv": [2.625, 13, 2, 14], "texture": "#0"}
			}
		},
		{
			"from": [20, -5, 17],
			"to": [25, 3, 25],
			"rotation": {"angle": 0, "axis": "y", "origin": [20, -5, 17]},
			"faces": {
				"north": {"uv": [2.125, 13, 2.75, 14], "texture": "#0"},
				"east": {"uv": [0, 13, 1, 14], "texture": "#0"},
				"south": {"uv": [2, 13, 2.625, 14], "texture": "#0"},
				"west": {"uv": [1, 13, 2, 14], "texture": "#0"},
				"up": {"uv": [2.625, 14, 2, 13], "texture": "#0"},
				"down": {"uv": [2.625, 13, 2, 14], "texture": "#0"}
			}
		},
		{
			"from": [-10, -5, -11],
			"to": [-5, 3, -3],
			"rotation": {"angle": 0, "axis": "y", "origin": [-10, -5, -11]},
			"faces": {
				"north": {"uv": [2, 12.75, 2.625, 13.75], "texture": "#0"},
				"east": {"uv": [0, 13, 1, 14], "texture": "#0"},
				"south": {"uv": [2, 13, 2.625, 14], "texture": "#0"},
				"west": {"uv": [1, 13, 2, 14], "texture": "#0"},
				"up": {"uv": [2.625, 14, 2, 13], "texture": "#0"},
				"down": {"uv": [2.625, 13, 2, 14], "texture": "#0"}
			}
		},
		{
			"from": [-13, 12, 0],
			"to": [-8, 19, 0],
			"rotation": {"angle": 0, "axis": "y", "origin": [-13, 12, 0]},
			"faces": {
				"north": {"uv": [8.875, 13.75, 9.5, 14.625], "texture": "#0"},
				"east": {"uv": [0, 0, 0, 0.875], "texture": "#0"},
				"south": {"uv": [13.75, 9.375, 14.375, 10.25], "texture": "#0"},
				"west": {"uv": [0, 0, 0, 0.875], "texture": "#0"},
				"up": {"uv": [0.625, 0, 0, 0], "texture": "#0"},
				"down": {"uv": [0.625, 0, 0, 0], "texture": "#0"}
			}
		},
		{
			"from": [22, 12, 0],
			"to": [27, 19, 0],
			"rotation": {"angle": 0, "axis": "y", "origin": [22, 12, 0]},
			"faces": {
				"north": {"uv": [9.5, 13.75, 8.875, 14.625], "texture": "#0"},
				"east": {"uv": [0, 0, 0, 0.875], "texture": "#0"},
				"south": {"uv": [14.375, 9.375, 13.75, 10.25], "texture": "#0"},
				"west": {"uv": [0, 0, 0, 0.875], "texture": "#0"},
				"up": {"uv": [0.625, 0, 0, 0], "texture": "#0"},
				"down": {"uv": [0.625, 0, 0, 0], "texture": "#0"}
			}
		},
		{
			"from": [-2, 3, -16],
			"to": [16, 9, -15],
			"rotation": {"angle": 0, "axis": "y", "origin": [-2, 3, -16]},
			"faces": {
				"north": {"uv": [2, 14.25, 4.25, 15], "texture": "#0"},
				"east": {"uv": [4.375, 14.25, 4.5, 15], "texture": "#0"},
				"south": {"uv": [0, 0, 2.25, 0.75], "texture": "#0"},
				"west": {"uv": [4.375, 14.25, 4.5, 15], "texture": "#0"},
				"up": {"uv": [2, 14.25, 4.25, 14.375], "texture": "#0"},
				"down": {"uv": [2, 14.25, 4.25, 14.375], "texture": "#0"}
			}
		},
		{
			"from": [17, 4, -16],
			"to": [23, 9, -10],
			"rotation": {"angle": 0, "axis": "y", "origin": [17, 4, -16]},
			"faces": {
				"north": {"uv": [0.125, 14.25, 0.875, 14.875], "texture": "#0"},
				"east": {"uv": [0.125, 14.25, 0.875, 14.875], "texture": "#0"},
				"south": {"uv": [0, 14.25, 0.75, 14.875], "texture": "#0"},
				"west": {"uv": [0, 14.25, 0.75, 14.875], "texture": "#0"},
				"up": {"uv": [0, 14.25, 0.75, 15], "texture": "#0"},
				"down": {"uv": [0, 14.25, 0.75, 15], "texture": "#0"}
			}
		},
		{
			"from": [-9, 4, -16],
			"to": [-3, 9, -10],
			"rotation": {"angle": 0, "axis": "y", "origin": [-9, 4, -16]},
			"faces": {
				"north": {"uv": [0.125, 14.25, 0.875, 14.875], "texture": "#0"},
				"east": {"uv": [0.125, 14.25, 0.875, 14.875], "texture": "#0"},
				"south": {"uv": [0, 14.25, 0.75, 14.875], "texture": "#0"},
				"west": {"uv": [0, 14.25, 0.75, 14.875], "texture": "#0"},
				"up": {"uv": [0, 14.25, 0.75, 15], "texture": "#0"},
				"down": {"uv": [0, 14.25, 0.75, 15], "texture": "#0"}
			}
		},
		{
			"from": [18, 5, 28],
			"to": [23, 10, 32],
			"rotation": {"angle": 0, "axis": "y", "origin": [18, 5, 28]},
			"faces": {
				"north": {"uv": [2, 15, 2.75, 15.625], "texture": "#0"},
				"east": {"uv": [2, 15.125, 2.75, 15.75], "texture": "#0"},
				"south": {"uv": [2, 15.125, 2.75, 15.75], "texture": "#0"},
				"west": {"uv": [2, 15, 2.75, 15.625], "texture": "#0"},
				"up": {"uv": [2, 15, 2.75, 15.75], "texture": "#0"},
				"down": {"uv": [2, 15, 2.75, 15.75], "texture": "#0"}
			}
		},
		{
			"from": [-9, 5, 28],
			"to": [-4, 10, 32],
			"rotation": {"angle": 0, "axis": "y", "origin": [-9, 5, 28]},
			"faces": {
				"north": {"uv": [2, 15, 2.75, 15.625], "texture": "#0"},
				"east": {"uv": [2, 15.125, 2.75, 15.75], "texture": "#0"},
				"south": {"uv": [2, 15.125, 2.75, 15.75], "texture": "#0"},
				"west": {"uv": [2, 15, 2.75, 15.625], "texture": "#0"},
				"up": {"uv": [2, 15, 2.75, 15.75], "texture": "#0"},
				"down": {"uv": [2, 15, 2.75, 15.75], "texture": "#0"}
			}
		}
	],
	"display": {
		"thirdperson_righthand": {
			"rotation": [4, 153, 0],
			"translation": [1.25, 0.75, -2.5],
			"scale": [0.25, 0.25, 0.25]
		},
		"thirdperson_lefthand": {
			"rotation": [4, 153, 0],
			"translation": [1.25, 0.75, -2.5],
			"scale": [0.25, 0.25, 0.25]
		},
		"firstperson_righthand": {
			"rotation": [4, 153, 0],
			"translation": [1.25, 0.75, -2.5],
			"scale": [0.25, 0.25, 0.25]
		},
		"firstperson_lefthand": {
			"rotation": [4, 153, 0],
			"translation": [1.25, 0.75, -2.5],
			"scale": [0.25, 0.25, 0.25]
		},
		"ground": {
			"scale": [0.25, 0.25, 0.25]
		},
		"gui": {
			"rotation": [16, 144, 0],
			"translation": [-0.25, 0, 0],
			"scale": [0.3, 0.3, 0.3]
		},
		"head": {
			"rotation": [4, 0, 0],
			"translation": [0, 9.25, -0.25],
			"scale": [0.25, 0.25, 0.25]
		},
		"fixed": {
			"rotation": [-90, 0, 0],
			"translation": [0, 0, -31.5],
			"scale": [2.1, 2.5, 2.5]
		}
	},
	"groups": [
		{
			"name": "group",
			"origin": [22, 12, -3],
			"color": 0,
			"children": [0, 1, 2, 3, 4, 5, 6, 7, 8, 9, 10, 11, 12, 13, 14, 15, 16, 17, 18, 19, 20, 21, 22, 23]
		},
		24,
		25,
		26,
		27,
		28
	]
}