{
	"credit": "Made with Blockbench",
	"texture_size": [128, 128],
	"textures": {
		"0": "mario:block/Bookshelf",
		"particle": "Bookshelf"
	},
	"elements": [
		{
			"from": [-4, -10, 2],
			"to": [21, 32, 14],
			"rotation": {"angle": 0, "axis": "y", "origin": [-4, -10, 2]},
			"faces": {
				"north": {"uv": [0, 0, 3.125, 5.25], "texture": "#0"},
				"east": {"uv": [0, 5.25, 1.5, 10.5], "texture": "#0"},
				"south": {"uv": [3.125, 0, 6.25, 5.25], "texture": "#0"},
				"west": {"uv": [1.5, 5.25, 3, 10.5], "texture": "#0"},
				"up": {"uv": [6.125, 6.75, 3, 5.25], "texture": "#0"},
				"down": {"uv": [9.25, 5.25, 6.125, 6.75], "texture": "#0"}
			}
		}
	],
	"display": {
		"thirdperson_righthand": {
			"scale": [0.2, 0.2, 0.2]
		},
		"thirdperson_lefthand": {
			"scale": [0.2, 0.2, 0.2]
		},
		"firstperson_righthand": {
			"scale": [0.2, 0.2, 0.2]
		},
		"firstperson_lefthand": {
			"scale": [0.2, 0.2, 0.2]
		},
		"gui": {
			"rotation": [28, 150, 0],
			"translation": [0, -0.75, 0],
			"scale": [0.3, 0.3, 0.3]
		},
		"head": {
			"translation": [0, 10, 0],
			"scale": [0.2, 0.2, 0.2]
		},
		"fixed": {
			"rotation": [-90, 0, 0],
			"translation": [-1, 0, -36],
			"scale": [2, 2, 2]
		}
	}
}