{
	"credit": "Made with Blockbench",
	"texture_size": [128, 128],
	"textures": {
		"0": "mario:block/coffin"
	},
	"elements": [
		{
			"from": [16, 0, 5],
			"to": [19, 6, 25],
			"rotation": {"angle": 0, "axis": "y", "origin": [16, 0, 5]},
			"faces": {
				"north": {"uv": [4, 5.25, 4.5, 6], "texture": "#0"},
				"east": {"uv": [4, 1.5, 6.5, 2.25], "texture": "#0"},
				"south": {"uv": [4.5, 5.25, 5, 6], "texture": "#0"},
				"west": {"uv": [4, 2.25, 6.5, 3], "texture": "#0"},
				"up": {"uv": [2.5, 7.5, 2, 5], "texture": "#0"},
				"down": {"uv": [3, 5, 2.5, 7.5], "texture": "#0"}
			}
		},
		{
			"from": [0, 0, -12],
			"to": [16, 6, 28],
			"rotation": {"angle": 0, "axis": "y", "origin": [0, 0, -12]},
			"faces": {
				"north": {"uv": [4, 4.5, 6, 5.25], "texture": "#0"},
				"east": {"uv": [4, 0, 9, 0.75], "texture": "#0"},
				"south": {"uv": [0, 5, 2, 5.75], "texture": "#0"},
				"west": {"uv": [4, 0.75, 9, 1.5], "texture": "#0"},
				"up": {"uv": [2, 5, 0, 0], "texture": "#0"},
				"down": {"uv": [4, 0, 2, 5], "texture": "#0"}
			}
		},
		{
			"from": [-3, 0, 5],
			"to": [0, 6, 25],
			"rotation": {"angle": 0, "axis": "y", "origin": [-3, 0, 5]},
			"faces": {
				"north": {"uv": [5, 5.25, 5.5, 6], "texture": "#0"},
				"east": {"uv": [4, 3, 6.5, 3.75], "texture": "#0"},
				"south": {"uv": [5.5, 5.25, 6, 6], "texture": "#0"},
				"west": {"uv": [4, 3.75, 6.5, 4.5], "texture": "#0"},
				"up": {"uv": [3.5, 7.5, 3, 5], "texture": "#0"},
				"down": {"uv": [4, 5, 3.5, 7.5], "texture": "#0"}
			}
		}
	],
	"display": {
		"thirdperson_righthand": {
			"rotation": [5, 0, 0],
			"translation": [0, 2.25, -1.75],
			"scale": [0.25, 0.25, 0.25]
		},
		"thirdperson_lefthand": {
			"rotation": [5, 0, 0],
			"translation": [0, 2.25, -1.75],
			"scale": [0.25, 0.25, 0.25]
		},
		"firstperson_righthand": {
			"rotation": [-91, 0, 0],
			"translation": [0, 2.25, -1.75],
			"scale": [0.25, 0.25, 0.25]
		},
		"firstperson_lefthand": {
			"rotation": [-91, 0, 0],
			"translation": [0, 2.25, -1.75],
			"scale": [0.25, 0.25, 0.25]
		},
		"ground": {
			"scale": [0.5, 0.5, 0.5]
		},
		"head": {
			"rotation": [-90, 38, -180],
			"translation": [3.25, -17.75, 13],
			"scale": [1.2, 1.2, 1.2]
		},
		"fixed": {
			"rotation": [-90, 0, 0],
			"translation": [-0.5, -1.25, -16],
			"scale": [2.25, 2.25, 2.25]
		}
	},
	"groups": [
		{
			"name": "group",
			"origin": [-4, 0, 5],
			"color": 0,
			"children": [0, 1, 2]
		}
	]
}