{
	"credit": "Made with Blockbench",
	"texture_size": [64, 64],
	"textures": {
		"1": "mario:block/Cone"
	},
	"elements": [
		{
			"from": [2, 1, 2],
			"to": [14, 4, 14],
			"rotation": {"angle": 0, "axis": "y", "origin": [2, 1, 2]},
			"faces": {
				"north": {"uv": [7, 5, 10, 5.75], "texture": "#1"},
				"east": {"uv": [8, 5.75, 11, 6.5], "texture": "#1"},
				"south": {"uv": [8, 6.5, 11, 7.25], "texture": "#1"},
				"west": {"uv": [8, 7.25, 11, 8], "texture": "#1"},
				"up": {"uv": [7, 3, 4, 0], "texture": "#1"},
				"down": {"uv": [7, 3, 4, 6], "texture": "#1"}
			}
		},
		{
			"from": [0, 0, 0],
			"to": [16, 1, 16],
			"faces": {
				"north": {"uv": [9, 0, 13, 0.25], "texture": "#1"},
				"east": {"uv": [9, 0.25, 13, 0.5], "texture": "#1"},
				"south": {"uv": [9, 0.5, 13, 0.75], "texture": "#1"},
				"west": {"uv": [9, 0.75, 13, 1], "texture": "#1"},
				"up": {"uv": [4, 4, 0, 0], "texture": "#1"},
				"down": {"uv": [4, 4, 0, 8], "texture": "#1"}
			}
		},
		{
			"from": [4, 4, 4],
			"to": [12, 14, 12],
			"rotation": {"angle": 0, "axis": "y", "origin": [4, 1, 4]},
			"faces": {
				"north": {"uv": [4, 6, 6, 8.5], "texture": "#1"},
				"east": {"uv": [6, 6, 8, 8.5], "texture": "#1"},
				"south": {"uv": [7, 0, 9, 2.5], "texture": "#1"},
				"west": {"uv": [7, 2.5, 9, 5], "texture": "#1"},
				"up": {"uv": [2, 10, 0, 8], "texture": "#1"},
				"down": {"uv": [4, 8, 2, 10], "texture": "#1"}
			}
		},
		{
			"from": [6, 14, 6],
			"to": [10, 21, 10],
			"rotation": {"angle": 0, "axis": "y", "origin": [6, 14, 6]},
			"faces": {
				"north": {"uv": [8, 8, 9, 9.75], "texture": "#1"},
				"east": {"uv": [4, 8.5, 5, 10.25], "texture": "#1"},
				"south": {"uv": [5, 8.5, 6, 10.25], "texture": "#1"},
				"west": {"uv": [6, 8.5, 7, 10.25], "texture": "#1"},
				"up": {"uv": [8, 9.5, 7, 8.5], "texture": "#1"},
				"down": {"uv": [10, 1, 9, 2], "texture": "#1"}
			}
		}
	],
	"display": {
		"thirdperson_righthand": {
			"rotation": [5, 0, 0],
			"translation": [0, -2, -1.75],
			"scale": [0.5, 0.5, 0.5]
		},
		"thirdperson_lefthand": {
			"rotation": [5, 0, 0],
			"translation": [0, -2, -1.75],
			"scale": [0.5, 0.5, 0.5]
		},
		"firstperson_righthand": {
			"rotation": [5, 0, 0],
			"translation": [1, 1.75, -1.25],
			"scale": [0.5, 0.5, 0.5]
		},
		"firstperson_lefthand": {
			"rotation": [5, 0, 0],
			"translation": [3, 0.25, -1.75],
			"scale": [0.5, 0.5, 0.5]
		},
		"ground": {
			"translation": [0, 3, 0],
			"scale": [0.5, 0.5, 0.5]
		},
		"gui": {
			"rotation": [12, -58, 0],
			"translation": [0, -1.25, 0],
			"scale": [0.75, 0.75, 0.75]
		},
		"head": {
			"translation": [0, 13.75, 0]
		},
		"fixed": {
			"rotation": [-90, 0, 0],
			"translation": [0, 0, -12.5],
			"scale": [1.75, 1.75, 1.75]
		}
	},
	"groups": [
		{
			"name": "Cone",
			"origin": [6, 14, 6],
			"color": 0,
			"children": [0, 1, 2, 3]
		}
	]
}