{
	"credit": "Made with Blockbench",
	"texture_size": [32, 32],
	"textures": {
		"0": "mario:block/duckie",
		"particle": "duckie"
	},
	"elements": [
		{
			"from": [4, 0, 4],
			"to": [12, 5, 14],
			"rotation": {"angle": 0, "axis": "y", "origin": [4, 0, 4]},
			"faces": {
				"north": {"uv": [0, 7.5, 4, 10], "texture": "#0"},
				"east": {"uv": [0, 5, 5, 7.5], "texture": "#0"},
				"south": {"uv": [4, 7.5, 8, 10], "texture": "#0"},
				"west": {"uv": [5, 5, 10, 7.5], "texture": "#0"},
				"up": {"uv": [4, 5, 0, 0], "texture": "#0"},
				"down": {"uv": [8, 0, 4, 5], "texture": "#0"}
			}
		},
		{
			"from": [5, 5, 2],
			"to": [11, 11, 8],
			"rotation": {"angle": 0, "axis": "y", "origin": [5, 5, 2]},
			"faces": {
				"north": {"uv": [8, 0, 11, 3], "texture": "#0"},
				"east": {"uv": [8, 7.5, 11, 10.5], "texture": "#0"},
				"south": {"uv": [0, 10, 3, 13], "texture": "#0"},
				"west": {"uv": [3, 10, 6, 13], "texture": "#0"},
				"up": {"uv": [13, 6, 10, 3], "texture": "#0"},
				"down": {"uv": [9, 10.5, 6, 13.5], "texture": "#0"}
			}
		},
		{
			"from": [6, 5, -1],
			"to": [10, 7, 2],
			"rotation": {"angle": 0, "axis": "y", "origin": [6, 5, -1]},
			"faces": {
				"north": {"uv": [9, 10.5, 11, 11.5], "texture": "#0"},
				"east": {"uv": [11, 1, 12.5, 2], "texture": "#0"},
				"south": {"uv": [11, 0, 13, 1], "texture": "#0"},
				"west": {"uv": [11, 2, 12.5, 3], "texture": "#0"},
				"up": {"uv": [10, 4.5, 8, 3], "texture": "#0"},
				"down": {"uv": [12, 6, 10, 7.5], "texture": "#0"}
			}
		}
	],
	"display": {
		"thirdperson_righthand": {
			"translation": [0, 4, 0],
			"scale": [0.5, 0.5, 0.5]
		},
		"thirdperson_lefthand": {
			"translation": [0, 4, 0],
			"scale": [0.5, 0.5, 0.5]
		},
		"firstperson_righthand": {
			"translation": [0.75, 3.75, 0]
		},
		"firstperson_lefthand": {
			"translation": [0.75, 3.75, 0]
		},
		"ground": {
			"scale": [0.7, 0.7, 0.7]
		},
		"gui": {
			"rotation": [31, 130, 0],
			"translation": [-0.25, 1, 0],
			"scale": [0.8, 0.8, 0.8]
		},
		"head": {
			"translation": [0, 14.5, -1]
		},
		"fixed": {
			"rotation": [-90, 0, 0],
			"translation": [0, -1.75, -12.75],
			"scale": [1.75, 1.75, 1.75]
		}
	}
}