{
	"credit": "Made with Blockbench",
	"texture_size": [128, 128],
	"textures": {
		"0": "mario:block/dumpster",
		"particle": "dumpster"
	},
	"elements": [
		{
			"from": [-13, -15, -8],
			"to": [29, 6, 21],
			"rotation": {"angle": 0, "axis": "y", "origin": [-13, -15, -8]},
			"faces": {
				"north": {"uv": [5.25, 0, 10.5, 2.625], "texture": "#0"},
				"east": {"uv": [5.25, 9.125, 8.875, 11.75], "texture": "#0"},
				"south": {"uv": [5.25, 2.625, 10.5, 5.25], "texture": "#0"},
				"west": {"uv": [8.875, 9.125, 12.5, 11.75], "texture": "#0"},
				"up": {"uv": [5.25, 3.625, 0, 0], "texture": "#0"},
				"down": {"uv": [5.25, 3.625, 0, 7.25], "texture": "#0"}
			}
		},
		{
			"from": [-13, 1, 31],
			"to": [8, 32, 32],
			"rotation": {"angle": 22.5, "axis": "x", "origin": [-13, 32, 33]},
			"faces": {
				"north": {"uv": [5.25, 5.25, 7.875, 9.125], "texture": "#0"},
				"east": {"uv": [11, 4.75, 11.125, 8.625], "texture": "#0"},
				"south": {"uv": [0, 7.25, 2.625, 11.125], "texture": "#0"},
				"west": {"uv": [0, 11.125, 0.125, 15], "texture": "#0"},
				"up": {"uv": [13.125, 9, 10.5, 8.875], "texture": "#0"},
				"down": {"uv": [13.125, 9, 10.5, 9.125], "texture": "#0"}
			}
		},
		{
			"from": [8, 6, -10],
			"to": [29, 7, 21],
			"rotation": {"angle": 0, "axis": "y", "origin": [8, 5, 21]},
			"faces": {
				"north": {"uv": [2.125, 11.125, 4.75, 11.25], "texture": "#0"},
				"east": {"uv": [10.5, 8.625, 14.375, 8.75], "texture": "#0"},
				"south": {"uv": [11.125, 4.75, 13.75, 4.875], "texture": "#0"},
				"west": {"uv": [10.5, 8.75, 14.375, 8.875], "texture": "#0"},
				"up": {"uv": [5.25, 11.125, 2.625, 7.25], "texture": "#0"},
				"down": {"uv": [10.5, 5.25, 7.875, 9.125], "texture": "#0"}
			}
		},
		{
			"from": [-16, -7, -1],
			"to": [-12, -1, 13],
			"rotation": {"angle": 0, "axis": "y", "origin": [-16, -7, -1]},
			"faces": {
				"north": {"uv": [0.125, 11.125, 0.625, 11.875], "texture": "#0"},
				"east": {"uv": [10.5, 0, 12.25, 0.75], "texture": "#0"},
				"south": {"uv": [0.625, 11.125, 1.125, 11.875], "texture": "#0"},
				"west": {"uv": [10.5, 0.75, 12.25, 1.5], "texture": "#0"},
				"up": {"uv": [11, 4.75, 10.5, 3], "texture": "#0"},
				"down": {"uv": [11, 4.75, 10.5, 6.5], "texture": "#0"}
			}
		},
		{
			"from": [28, -7, -1],
			"to": [32, -1, 13],
			"rotation": {"angle": 0, "axis": "y", "origin": [28, -7, -1]},
			"faces": {
				"north": {"uv": [1.125, 11.125, 1.625, 11.875], "texture": "#0"},
				"east": {"uv": [10.5, 1.5, 12.25, 2.25], "texture": "#0"},
				"south": {"uv": [1.625, 11.125, 2.125, 11.875], "texture": "#0"},
				"west": {"uv": [10.5, 2.25, 12.25, 3], "texture": "#0"},
				"up": {"uv": [11, 8.25, 10.5, 6.5], "texture": "#0"},
				"down": {"uv": [11.5, 3, 11, 4.75], "texture": "#0"}
			}
		}
	],
	"display": {
		"thirdperson_righthand": {
			"translation": [0.75, 3.75, 0],
			"scale": [0.2, 0.2, 0.2]
		},
		"thirdperson_lefthand": {
			"translation": [0.75, 3.75, 0],
			"scale": [0.2, 0.2, 0.2]
		},
		"firstperson_righthand": {
			"translation": [0.75, 3.75, 0],
			"scale": [0.2, 0.2, 0.2]
		},
		"firstperson_lefthand": {
			"translation": [0.75, 3.75, 0],
			"scale": [0.2, 0.2, 0.2]
		},
		"ground": {
			"translation": [0, 4, 0],
			"scale": [0.4, 0.4, 0.4]
		},
		"gui": {
			"rotation": [32, 157, 0],
			"translation": [0, 0.5, 0],
			"scale": [0.3, 0.3, 0.3]
		},
		"head": {
			"translation": [0, 11, 0.5],
			"scale": [0.2, 0.2, 0.2]
		},
		"fixed": {
			"rotation": [-90, 0, 0],
			"translation": [0, 5.5, -68],
			"scale": [3, 3, 3]
		}
	}
}