{
	"credit": "Made with Blockbench",
	"texture_size": [32, 32],
	"textures": {
		"0": "mario:block/swordFF14",
		"particle": "swordFF14"
	},
	"elements": [
		{
			"from": [7, -16, 5],
			"to": [9, -7, 7],
			"rotation": {"angle": 0, "axis": "y", "origin": [7, -16, 5]},
			"faces": {
				"north": {"uv": [11, 6, 12, 10.5], "texture": "#0"},
				"east": {"uv": [11, 10.5, 12, 15], "texture": "#0"},
				"south": {"uv": [12, 6, 13, 10.5], "texture": "#0"},
				"west": {"uv": [12, 10.5, 13, 15], "texture": "#0"},
				"up": {"uv": [14, 2, 13, 1], "texture": "#0"},
				"down": {"uv": [14, 2, 13, 3], "texture": "#0"}
			}
		},
		{
			"from": [6, -7, 3],
			"to": [10, -6, 9],
			"rotation": {"angle": 0, "axis": "y", "origin": [6, -7, 3]},
			"faces": {
				"north": {"uv": [13, 3, 15, 3.5], "texture": "#0"},
				"east": {"uv": [13, 0, 16, 0.5], "texture": "#0"},
				"south": {"uv": [13, 3.5, 15, 4], "texture": "#0"},
				"west": {"uv": [13, 0.5, 16, 1], "texture": "#0"},
				"up": {"uv": [13, 3, 11, 0], "texture": "#0"},
				"down": {"uv": [13, 3, 11, 6], "texture": "#0"}
			}
		},
		{
			"from": [8, -6, 4],
			"to": [8, 32, 15],
			"rotation": {"angle": 0, "axis": "y", "origin": [8, -6, 4]},
			"faces": {
				"north": {"uv": [0, 0, 0, 16], "texture": "#0"},
				"east": {"uv": [0, 0, 5.5, 16], "texture": "#0"},
				"south": {"uv": [0, 0, 0, 16], "texture": "#0"},
				"west": {"uv": [5.5, 0, 11, 16], "texture": "#0"},
				"up": {"uv": [0, 5.5, 0, 0], "texture": "#0"},
				"down": {"uv": [0, 0, 0, 5.5], "texture": "#0"}
			}
		}
	],
	"display": {
		"thirdperson_righthand": {
			"translation": [0, 23.5, 4.25],
			"scale": [1, 1.38, 1]
		},
		"thirdperson_lefthand": {
			"translation": [0, 23.5, 4.25],
			"scale": [1, 1.38, 1]
		},
		"firstperson_righthand": {
			"rotation": [-33, 34, -20],
			"translation": [4.5, 13.25, -6.5]
		},
		"firstperson_lefthand": {
			"rotation": [-33, 34, -20],
			"translation": [4.5, 13.25, -6.5]
		},
		"ground": {
			"rotation": [-86, 0, 0],
			"scale": [0.7, 0.7, 0.7]
		},
		"gui": {
			"rotation": [-88.14, 40, 89.8],
			"translation": [0, -0.25, 0],
			"scale": [0.5, 0.5, 0.5]
		},
		"head": {
			"rotation": [109, 0, 0],
			"translation": [0, -3, 0],
			"scale": [1.51, 2.11, 1.5]
		}
	}
}