{
	"credit": "Made with Blockbench",
	"texture_size": [64, 64],
	"textures": {
		"0": "mario:block/hydrant",
		"particle": "hydrant"
	},
	"elements": [
		{
			"from": [2, 0, 2],
			"to": [14, 2, 14],
			"rotation": {"angle": 0, "axis": "y", "origin": [2, 0, 2]},
			"faces": {
				"north": {"uv": [10, 9, 13, 9.5], "texture": "#0"},
				"east": {"uv": [11, 0, 14, 0.5], "texture": "#0"},
				"south": {"uv": [11, 0.5, 14, 1], "texture": "#0"},
				"west": {"uv": [11, 1, 14, 1.5], "texture": "#0"},
				"up": {"uv": [3, 3, 0, 0], "texture": "#0"},
				"down": {"uv": [3, 3, 0, 6], "texture": "#0"}
			}
		},
		{
			"from": [2, 16, 2],
			"to": [14, 18, 14],
			"rotation": {"angle": 0, "axis": "y", "origin": [2, 16, 2]},
			"faces": {
				"north": {"uv": [11, 1.5, 14, 2], "texture": "#0"},
				"east": {"uv": [11, 2, 14, 2.5], "texture": "#0"},
				"south": {"uv": [11, 2.5, 14, 3], "texture": "#0"},
				"west": {"uv": [11, 3, 14, 3.5], "texture": "#0"},
				"up": {"uv": [6, 3, 3, 0], "texture": "#0"},
				"down": {"uv": [6, 3, 3, 6], "texture": "#0"}
			}
		},
		{
			"from": [3, 18, 3],
			"to": [13, 21, 13],
			"rotation": {"angle": 0, "axis": "y", "origin": [3, 18, 3]},
			"faces": {
				"north": {"uv": [2, 10.5, 4.5, 11.25], "texture": "#0"},
				"east": {"uv": [4.5, 10.5, 7, 11.25], "texture": "#0"},
				"south": {"uv": [7, 10.5, 9.5, 11.25], "texture": "#0"},
				"west": {"uv": [9.5, 10.5, 12, 11.25], "texture": "#0"},
				"up": {"uv": [11, 2.5, 8.5, 0], "texture": "#0"},
				"down": {"uv": [11, 2.5, 8.5, 5], "texture": "#0"}
			}
		},
		{
			"from": [6, 21, 6],
			"to": [10, 24, 10],
			"rotation": {"angle": 0, "axis": "y", "origin": [6, 21, 6]},
			"faces": {
				"north": {"uv": [5, 11.25, 6, 12], "texture": "#0"},
				"east": {"uv": [6, 11.25, 7, 12], "texture": "#0"},
				"south": {"uv": [7, 11.25, 8, 12], "texture": "#0"},
				"west": {"uv": [8, 11.25, 9, 12], "texture": "#0"},
				"up": {"uv": [6, 7, 5, 6], "texture": "#0"},
				"down": {"uv": [12, 3.5, 11, 4.5], "texture": "#0"}
			}
		},
		{
			"from": [6, 8, -1],
			"to": [10, 12, 17],
			"rotation": {"angle": 0, "axis": "y", "origin": [6, 8, -1]},
			"faces": {
				"north": {"uv": [11, 9.5, 12, 10.5], "texture": "#0"},
				"east": {"uv": [8.5, 5, 13, 6], "texture": "#0"},
				"south": {"uv": [2, 11.25, 3, 12.25], "texture": "#0"},
				"west": {"uv": [8.5, 6, 13, 7], "texture": "#0"},
				"up": {"uv": [1, 14, 0, 9.5], "texture": "#0"},
				"down": {"uv": [2, 9.5, 1, 14], "texture": "#0"}
			}
		},
		{
			"from": [-1, 8, 6],
			"to": [17, 12, 10],
			"rotation": {"angle": 0, "axis": "y", "origin": [-1, 8, 10]},
			"faces": {
				"north": {"uv": [2, 9.5, 6.5, 10.5], "texture": "#0"},
				"east": {"uv": [3, 11.25, 4, 12.25], "texture": "#0"},
				"south": {"uv": [6.5, 9.5, 11, 10.5], "texture": "#0"},
				"west": {"uv": [4, 11.25, 5, 12.25], "texture": "#0"},
				"up": {"uv": [14.5, 8, 10, 7], "texture": "#0"},
				"down": {"uv": [14.5, 8, 10, 9], "texture": "#0"}
			}
		},
		{
			"from": [3, 2, 3],
			"to": [13, 16, 13],
			"rotation": {"angle": 0, "axis": "y", "origin": [3, 2, 3]},
			"faces": {
				"north": {"uv": [0, 6, 2.5, 9.5], "texture": "#0"},
				"east": {"uv": [6, 0, 8.5, 3.5], "texture": "#0"},
				"south": {"uv": [2.5, 6, 5, 9.5], "texture": "#0"},
				"west": {"uv": [6, 3.5, 8.5, 7], "texture": "#0"},
				"up": {"uv": [7.5, 9.5, 5, 7], "texture": "#0"},
				"down": {"uv": [10, 7, 7.5, 9.5], "texture": "#0"}
			}
		}
	],
	"display": {
		"thirdperson_righthand": {
			"translation": [0, 0.25, -2],
			"scale": [0.5, 0.5, 0.5]
		},
		"thirdperson_lefthand": {
			"translation": [0, 0.25, -2],
			"scale": [0.5, 0.5, 0.5]
		},
		"firstperson_righthand": {
			"translation": [0, 0.25, -2],
			"scale": [0.5, 0.5, 0.5]
		},
		"firstperson_lefthand": {
			"translation": [0, 0.25, -2],
			"scale": [0.5, 0.5, 0.5]
		},
		"fixed": {
			"rotation": [-90, 0, 0],
			"translation": [0, 0, -16.25],
			"scale": [2, 2, 2]
		}
	}
}