{
	"credit": "Made with Blockbench",
	"texture_size": [128, 128],
	"textures": {
		"0": "mario:block/lamp",
		"particle": "lamp"
	},
	"elements": [
		{
			"from": [7, -11, 7],
			"to": [9, 21, 9],
			"rotation": {"angle": 0, "axis": "y", "origin": [7, -11, 7]},
			"faces": {
				"north": {"uv": [4.75, 3.75, 5, 7.75], "texture": "#0"},
				"east": {"uv": [0, 5, 0.25, 9], "texture": "#0"},
				"south": {"uv": [0.25, 5, 0.5, 9], "texture": "#0"},
				"west": {"uv": [0.5, 5, 0.75, 9], "texture": "#0"},
				"up": {"uv": [1.75, 3.75, 1.5, 3.5], "texture": "#0"},
				"down": {"uv": [1.75, 3.75, 1.5, 4], "texture": "#0"}
			}
		},
		{
			"from": [1, 18, 1],
			"to": [15, 28, 15],
			"rotation": {"angle": 0, "axis": "y", "origin": [1, 18, 1]},
			"faces": {
				"north": {"uv": [3, 4.5, 4.75, 5.75], "texture": "#0"},
				"east": {"uv": [4.75, 0, 6.5, 1.25], "texture": "#0"},
				"south": {"uv": [4.75, 1.25, 6.5, 2.5], "texture": "#0"},
				"west": {"uv": [4.75, 2.5, 6.5, 3.75], "texture": "#0"},
				"up": {"uv": [1.75, 1.75, 0, 0], "texture": "#0"},
				"down": {"uv": [1.75, 1.75, 0, 3.5], "texture": "#0"}
			}
		},
		{
			"from": [2, 20, 2],
			"to": [14, 32, 14],
			"rotation": {"angle": 0, "axis": "y", "origin": [2, 20, 2]},
			"faces": {
				"north": {"uv": [1.75, 3, 3.25, 4.5], "texture": "#0"},
				"east": {"uv": [3.25, 0, 4.75, 1.5], "texture": "#0"},
				"south": {"uv": [3.25, 1.5, 4.75, 3], "texture": "#0"},
				"west": {"uv": [3.25, 3, 4.75, 4.5], "texture": "#0"},
				"up": {"uv": [1.5, 5, 0, 3.5], "texture": "#0"},
				"down": {"uv": [3, 4.5, 1.5, 6], "texture": "#0"}
			}
		},
		{
			"from": [2, -12, 2],
			"to": [14, -11, 14],
			"rotation": {"angle": 0, "axis": "y", "origin": [2, -12, 2]},
			"faces": {
				"north": {"uv": [5, 3.75, 6.5, 3.875], "texture": "#0"},
				"east": {"uv": [5, 3.875, 6.5, 4], "texture": "#0"},
				"south": {"uv": [5, 4, 6.5, 4.125], "texture": "#0"},
				"west": {"uv": [5, 4.125, 6.5, 4.25], "texture": "#0"},
				"up": {"uv": [3.25, 1.5, 1.75, 0], "texture": "#0"},
				"down": {"uv": [3.25, 1.5, 1.75, 3], "texture": "#0"}
			}
		}
	],
	"display": {
		"thirdperson_righthand": {
			"translation": [0.75, 3.75, 0],
			"scale": [0.2, 0.2, 0.2]
		},
		"thirdperson_lefthand": {
			"translation": [0.75, 3.75, 0],
			"scale": [0.2, 0.2, 0.2]
		},
		"firstperson_righthand": {
			"translation": [0.75, 3.75, 0],
			"scale": [0.2, 0.2, 0.2]
		},
		"firstperson_lefthand": {
			"translation": [0.75, 3.75, 0],
			"scale": [0.2, 0.2, 0.2]
		},
		"ground": {
			"translation": [0.75, -1.25, 0],
			"scale": [0.2, 0.2, 0.2]
		},
		"gui": {
			"rotation": [31, 38, 0],
			"translation": [0.25, -0.75, 0],
			"scale": [0.3, 0.3, 0.3]
		},
		"head": {
			"translation": [0.75, 10.5, 0],
			"scale": [0.2, 0.2, 0.2]
		},
		"fixed": {
			"rotation": [-90, 0, 0],
			"translation": [0, 0, -40],
			"scale": [2, 2, 2]
		}
	}
}