{
	"credit": "Made with Blockbench",
	"texture_size": [128, 128],
	"textures": {
		"1": "mario:block/phone-booth",
		"particle": "phone-booth"
	},
	"elements": [
		{
			"from": [-2, -2, -2],
			"to": [18, -1, 18],
			"rotation": {"angle": 0, "axis": "y", "origin": [-2, -8, -2]},
			"faces": {
				"north": {"uv": [5.25, 3.75, 7.75, 3.875], "texture": "#1"},
				"east": {"uv": [5.5, 6.375, 8, 6.5], "texture": "#1"},
				"south": {"uv": [5.5, 6.5, 8, 6.625], "texture": "#1"},
				"west": {"uv": [5.5, 6.625, 8, 6.75], "texture": "#1"},
				"up": {"uv": [4.25, 6.375, 1.75, 3.875], "texture": "#1"},
				"down": {"uv": [6.75, 3.875, 4.25, 6.375], "texture": "#1"}
			}
		},
		{
			"from": [2, 29, 2],
			"to": [14, 32, 14],
			"rotation": {"angle": 0, "axis": "y", "origin": [2, 25, 2]},
			"faces": {
				"north": {"uv": [6.75, 3.875, 8.75, 4], "texture": "#1"},
				"east": {"uv": [6.75, 4, 8.75, 4.125], "texture": "#1"},
				"south": {"uv": [6.75, 4.125, 8.75, 4.25], "texture": "#1"},
				"west": {"uv": [6.75, 4.25, 8.75, 4.375], "texture": "#1"},
				"up": {"uv": [7.25, 2, 5.25, 0], "texture": "#1"},
				"down": {"uv": [3.75, 6.375, 1.75, 8.375], "texture": "#1"}
			}
		},
		{
			"from": [0, 29, 0],
			"to": [16, 30, 16],
			"rotation": {"angle": 0, "axis": "y", "origin": [0, 23, 0]},
			"faces": {
				"north": {"uv": [6.75, 3.875, 8.75, 4], "texture": "#1"},
				"east": {"uv": [6.75, 4, 8.75, 4.125], "texture": "#1"},
				"south": {"uv": [6.75, 4.125, 8.75, 4.25], "texture": "#1"},
				"west": {"uv": [6.75, 4.25, 8.75, 4.375], "texture": "#1"},
				"up": {"uv": [7.25, 2, 5.25, 0], "texture": "#1"},
				"down": {"uv": [3.75, 6.375, 1.75, 8.375], "texture": "#1"}
			}
		},
		{
			"from": [0, 26, 0],
			"to": [16, 27, 16],
			"rotation": {"angle": 0, "axis": "y", "origin": [0, 20, 0]},
			"faces": {
				"north": {"uv": [6.75, 3.875, 8.75, 4], "texture": "#1"},
				"east": {"uv": [6.75, 4, 8.75, 4.125], "texture": "#1"},
				"south": {"uv": [6.75, 4.125, 8.75, 4.25], "texture": "#1"},
				"west": {"uv": [6.75, 4.25, 8.75, 4.375], "texture": "#1"},
				"up": {"uv": [3.75, 10.375, 1.75, 8.375], "texture": "#1"},
				"down": {"uv": [3.75, 8.25, 1.75, 10.375], "texture": "#1"}
			}
		},
		{
			"from": [1, -2, 1],
			"to": [1, 29, 15],
			"rotation": {"angle": 0, "axis": "y", "origin": [1, -8, 1]},
			"faces": {
				"north": {"uv": [0, 0, 1.75, 3.875], "texture": "#1"},
				"east": {"uv": [1.75, 0, 3.5, 3.875], "texture": "#1"},
				"south": {"uv": [3.5, 0, 5.25, 3.875], "texture": "#1"},
				"west": {"uv": [0, 3.875, 1.75, 7.75], "texture": "#1"},
				"up": {"uv": [7, 3.75, 5.25, 2], "texture": "#1"},
				"down": {"uv": [5.5, 6.375, 3.75, 8.125], "texture": "#1"}
			}
		},
		{
			"from": [15, -2, 1],
			"to": [15, 29, 15],
			"rotation": {"angle": 0, "axis": "y", "origin": [15, -8, 1]},
			"faces": {
				"north": {"uv": [0, 0, 1.75, 3.875], "texture": "#1"},
				"east": {"uv": [1.75, 0, 3.5, 3.875], "texture": "#1"},
				"south": {"uv": [3.5, 0, 5.25, 3.875], "texture": "#1"},
				"west": {"uv": [0, 3.875, 1.75, 7.75], "texture": "#1"},
				"up": {"uv": [7, 3.75, 5.25, 2], "texture": "#1"},
				"down": {"uv": [5.5, 6.375, 3.75, 8.125], "texture": "#1"}
			}
		},
		{
			"from": [1, -2, 15],
			"to": [15, 29, 15],
			"rotation": {"angle": 0, "axis": "y", "origin": [1, -8, 15]},
			"faces": {
				"north": {"uv": [5.25, 0, 3.5, 3.875], "texture": "#1"},
				"east": {"uv": [1.75, 0, 3.5, 3.875], "texture": "#1"},
				"south": {"uv": [3.5, 0, 5.25, 3.875], "texture": "#1"},
				"west": {"uv": [0, 3.875, 1.75, 7.75], "texture": "#1"},
				"up": {"uv": [7, 3.75, 5.25, 2], "texture": "#1"},
				"down": {"uv": [5.5, 6.375, 3.75, 8.125], "texture": "#1"}
			}
		},
		{
			"from": [1, -2, 1],
			"to": [15, 29, 1],
			"rotation": {"angle": 0, "axis": "y", "origin": [1, -8, 1]},
			"faces": {
				"north": {"uv": [0, 0, 1.75, 3.875], "texture": "#1"},
				"east": {"uv": [1.75, 0, 3.5, 3.875], "texture": "#1"},
				"south": {"uv": [0, 0, 1.75, 3.875], "texture": "#1"},
				"west": {"uv": [0, 3.875, 1.75, 7.75], "texture": "#1"},
				"up": {"uv": [7, 3.75, 5.25, 2], "texture": "#1"},
				"down": {"uv": [5.5, 6.375, 3.75, 8.125], "texture": "#1"}
			}
		},
		{
			"from": [3, 14, 1],
			"to": [9, 22, 3],
			"rotation": {"angle": 0, "axis": "y", "origin": [3, 8, 1]},
			"faces": {
				"north": {"uv": [0.625, 8.125, 1.375, 9.125], "texture": "#1"},
				"east": {"uv": [4.375, 8.125, 4.625, 9.125], "texture": "#1"},
				"south": {"uv": [3.75, 8.125, 4.5, 9.125], "texture": "#1"},
				"west": {"uv": [4.375, 8.125, 4.625, 9.125], "texture": "#1"},
				"up": {"uv": [3.75, 9.125, 4.5, 9.375], "texture": "#1"},
				"down": {"uv": [3.75, 9.125, 4.5, 9.375], "texture": "#1"}
			}
		}
	],
	"display": {
		"thirdperson_righthand": {
			"translation": [0, -4, -3.25],
			"scale": [0.5, 0.5, 0.5]
		},
		"thirdperson_lefthand": {
			"translation": [1.5, -4, -1],
			"scale": [0.5, 0.5, 0.5]
		},
		"firstperson_righthand": {
			"translation": [-1.5, -1.25, -1],
			"scale": [0.5, 0.5, 0.5]
		},
		"firstperson_lefthand": {
			"translation": [1.5, -4, -1],
			"scale": [0.5, 0.5, 0.5]
		},
		"gui": {
			"translation": [0, -4, 0],
			"scale": [0.5, 0.5, 0.5]
		},
		"fixed": {
			"rotation": [-90, 0, 0],
			"translation": [0, 0, -22.75],
			"scale": [2.5, 2.5, 2.5]
		}
	},
	"groups": [
		{
			"name": "group",
			"origin": [3, 16, 1],
			"color": 0,
			"children": [0, 1, 2, 3, 4, 5, 6, 7, 8]
		}
	]
}