{
	"credit": "Made with Blockbench",
	"texture_size": [64, 64],
	"textures": {
		"0": "mario:block/purpchair",
		"particle": "Chair"
	},
	"elements": [
		{
			"from": [0, 12, 0],
			"to": [16, 14, 16],
			"rotation": {"angle": 0, "axis": "y", "origin": [0, 12, 0]},
			"faces": {
				"north": {"uv": [0, 8, 4, 8.5], "texture": "#0"},
				"east": {"uv": [8, 0, 12, 0.5], "texture": "#0"},
				"south": {"uv": [8, 0.5, 12, 1], "texture": "#0"},
				"west": {"uv": [8, 1, 12, 1.5], "texture": "#0"},
				"up": {"uv": [4, 4, 0, 0], "texture": "#0"},
				"down": {"uv": [4, 4, 0, 8], "texture": "#0"}
			}
		},
		{
			"from": [0, 14, 14],
			"to": [16, 32, 16],
			"rotation": {"angle": 0, "axis": "y", "origin": [0, 14, 16]},
			"faces": {
				"north": {"uv": [4, 0, 8, 4], "texture": "#0"},
				"east": {"uv": [8, 1.5, 8.5, 5.5], "texture": "#0"},
				"south": {"uv": [4, 4, 8, 8], "texture": "#0"},
				"west": {"uv": [4, 8, 4.5, 12], "texture": "#0"},
				"up": {"uv": [8.5, 8.5, 4.5, 8], "texture": "#0"},
				"down": {"uv": [12, 5.5, 8, 6], "texture": "#0"}
			}
		},
		{
			"from": [0, 0, 0],
			"to": [2, 12, 2],
			"faces": {
				"north": {"uv": [8.5, 1.5, 9, 4.5], "texture": "#0"},
				"east": {"uv": [2, 8.5, 2.5, 11.5], "texture": "#0"},
				"south": {"uv": [2.5, 8.5, 3, 11.5], "texture": "#0"},
				"west": {"uv": [3, 8.5, 3.5, 11.5], "texture": "#0"},
				"up": {"uv": [8.5, 7.5, 8, 7], "texture": "#0"},
				"down": {"uv": [8.5, 7.5, 8, 8], "texture": "#0"}
			}
		},
		{
			"from": [0, 6, 2],
			"to": [2, 8, 14],
			"rotation": {"angle": 0, "axis": "y", "origin": [0, 8, 2]},
			"faces": {
				"north": {"uv": [8.5, 7.5, 8, 8], "rotation": 180, "texture": "#0"},
				"east": {"uv": [2, 8.5, 2.5, 11.5], "rotation": 270, "texture": "#0"},
				"south": {"uv": [8.5, 7.5, 8, 7], "texture": "#0"},
				"west": {"uv": [3, 8.5, 3.5, 11.5], "rotation": 90, "texture": "#0"},
				"up": {"uv": [8.5, 1.5, 9, 4.5], "rotation": 180, "texture": "#0"},
				"down": {"uv": [2.5, 8.5, 3, 11.5], "texture": "#0"}
			}
		},
		{
			"from": [14, 6, 2],
			"to": [16, 8, 14],
			"rotation": {"angle": 0, "axis": "y", "origin": [14, 8, 2]},
			"faces": {
				"north": {"uv": [8.5, 7.5, 8, 8], "rotation": 180, "texture": "#0"},
				"east": {"uv": [2, 8.5, 2.5, 11.5], "rotation": 270, "texture": "#0"},
				"south": {"uv": [8.5, 7.5, 8, 7], "texture": "#0"},
				"west": {"uv": [3, 8.5, 3.5, 11.5], "rotation": 90, "texture": "#0"},
				"up": {"uv": [8.5, 1.5, 9, 4.5], "rotation": 180, "texture": "#0"},
				"down": {"uv": [2.5, 8.5, 3, 11.5], "texture": "#0"}
			}
		},
		{
			"from": [0, 0, 14],
			"to": [2, 12, 16],
			"rotation": {"angle": 0, "axis": "y", "origin": [0, 0, 14]},
			"faces": {
				"north": {"uv": [3.5, 8.5, 4, 11.5], "texture": "#0"},
				"east": {"uv": [4.5, 8.5, 5, 11.5], "texture": "#0"},
				"south": {"uv": [5, 8.5, 5.5, 11.5], "texture": "#0"},
				"west": {"uv": [5.5, 8.5, 6, 11.5], "texture": "#0"},
				"up": {"uv": [9, 5, 8.5, 4.5], "texture": "#0"},
				"down": {"uv": [9, 5, 8.5, 5.5], "texture": "#0"}
			}
		},
		{
			"from": [14, 0, 14],
			"to": [16, 12, 16],
			"rotation": {"angle": 0, "axis": "y", "origin": [14, 0, 14]},
			"faces": {
				"north": {"uv": [6, 8.5, 6.5, 11.5], "texture": "#0"},
				"east": {"uv": [8.5, 6, 9, 9], "texture": "#0"},
				"south": {"uv": [6.5, 8.5, 7, 11.5], "texture": "#0"},
				"west": {"uv": [7, 8.5, 7.5, 11.5], "texture": "#0"},
				"up": {"uv": [8, 9, 7.5, 8.5], "texture": "#0"},
				"down": {"uv": [8.5, 8.5, 8, 9], "texture": "#0"}
			}
		},
		{
			"from": [14, 0, 0],
			"to": [16, 12, 2],
			"rotation": {"angle": 0, "axis": "y", "origin": [14, 0, 0]},
			"faces": {
				"north": {"uv": [0, 8.5, 0.5, 11.5], "texture": "#0"},
				"east": {"uv": [0.5, 8.5, 1, 11.5], "texture": "#0"},
				"south": {"uv": [1, 8.5, 1.5, 11.5], "texture": "#0"},
				"west": {"uv": [1.5, 8.5, 2, 11.5], "texture": "#0"},
				"up": {"uv": [8.5, 6.5, 8, 6], "texture": "#0"},
				"down": {"uv": [8.5, 6.5, 8, 7], "texture": "#0"}
			}
		}
	],
	"display": {
		"gui": {
			"rotation": [26, 157, 0],
			"translation": [0, -4.25, 0],
			"scale": [0.5, 0.5, 0.5]
		},
		"fixed": {
			"rotation": [-90, 0, 0],
			"translation": [0, 0, -16],
			"scale": [2, 2, 2]
		}
	}
}