{
	"credit": "Made with Blockbench",
	"texture_size": [64, 64],
	"textures": {
		"0": "mario:block/Raccoon",
		"particle": "Raccoon"
	},
	"elements": [
		{
			"from": [3.75, 0, 5],
			"to": [12.25, 10, 12],
			"rotation": {"angle": 0, "axis": "y", "origin": [5, 0, 5]},
			"faces": {
				"north": {"uv": [0, 0, 2.25, 2.5], "texture": "#0"},
				"east": {"uv": [0, 4.25, 1.75, 6.75], "texture": "#0"},
				"south": {"uv": [2.25, 0, 4.5, 2.5], "texture": "#0"},
				"west": {"uv": [1.75, 4.25, 3.5, 6.75], "texture": "#0"},
				"up": {"uv": [5.75, 6, 3.5, 4.25], "texture": "#0"},
				"down": {"uv": [6.75, 0, 4.5, 1.75], "texture": "#0"}
			}
		},
		{
			"from": [4.5, 7, 2.5],
			"to": [6.5, 11, 4.5],
			"rotation": {"angle": 45, "axis": "x", "origin": [5, 7, 2]},
			"faces": {
				"north": {"uv": [3, 6.75, 3.5, 7.75], "texture": "#0"},
				"east": {"uv": [3.5, 7.25, 4, 8.25], "texture": "#0"},
				"south": {"uv": [4, 7.25, 4.5, 8.25], "texture": "#0"},
				"west": {"uv": [4.5, 7.25, 5, 8.25], "texture": "#0"},
				"up": {"uv": [9.75, 0.5, 9.25, 0], "texture": "#0"},
				"down": {"uv": [8.5, 3.75, 8, 4.25], "texture": "#0"}
			}
		},
		{
			"from": [9.5, 7, 2.5],
			"to": [11.5, 11, 4.5],
			"rotation": {"angle": 45, "axis": "x", "origin": [10, 7, 2]},
			"faces": {
				"north": {"uv": [3, 6.75, 3.5, 7.75], "texture": "#0"},
				"east": {"uv": [3.5, 7.25, 4, 8.25], "texture": "#0"},
				"south": {"uv": [4, 7.25, 4.5, 8.25], "texture": "#0"},
				"west": {"uv": [4.5, 7.25, 5, 8.25], "texture": "#0"},
				"up": {"uv": [9.75, 0.5, 9.25, 0], "texture": "#0"},
				"down": {"uv": [8.5, 3.75, 8, 4.25], "texture": "#0"}
			}
		},
		{
			"from": [9.5, 0, 1],
			"to": [11.5, 2, 5],
			"rotation": {"angle": 0, "axis": "x", "origin": [10, 2, 1]},
			"faces": {
				"north": {"uv": [8.5, 3.75, 8, 4.25], "rotation": 180, "texture": "#0"},
				"east": {"uv": [3.5, 7.25, 4, 8.25], "rotation": 270, "texture": "#0"},
				"south": {"uv": [7.25, 1.75, 6.75, 1.25], "texture": "#0"},
				"west": {"uv": [4.5, 7.25, 5, 8.25], "rotation": 90, "texture": "#0"},
				"up": {"uv": [3, 6.75, 3.5, 7.75], "rotation": 180, "texture": "#0"},
				"down": {"uv": [4, 7.25, 4.5, 8.25], "texture": "#0"}
			}
		},
		{
			"from": [4.5, 0, 1],
			"to": [6.5, 2, 5],
			"rotation": {"angle": 0, "axis": "x", "origin": [5, 2, 1]},
			"faces": {
				"north": {"uv": [8.5, 3.75, 8, 4.25], "rotation": 180, "texture": "#0"},
				"east": {"uv": [3.5, 7.25, 4, 8.25], "rotation": 270, "texture": "#0"},
				"south": {"uv": [7.25, 1.75, 6.75, 1.25], "texture": "#0"},
				"west": {"uv": [4.5, 7.25, 5, 8.25], "rotation": 90, "texture": "#0"},
				"up": {"uv": [3, 6.75, 3.5, 7.75], "rotation": 180, "texture": "#0"},
				"down": {"uv": [4, 7.25, 4.5, 8.25], "texture": "#0"}
			}
		},
		{
			"from": [8.5, 0, 11],
			"to": [12.5, 4, 19],
			"rotation": {"angle": 45, "axis": "y", "origin": [9, 2, 11]},
			"faces": {
				"north": {"uv": [7.25, 1.25, 8.25, 2.25], "texture": "#0"},
				"east": {"uv": [5.25, 6, 7.25, 7], "texture": "#0"},
				"south": {"uv": [7.25, 2.25, 8.25, 3.25], "texture": "#0"},
				"west": {"uv": [0, 6.75, 2, 7.75], "texture": "#0"},
				"up": {"uv": [3, 8.75, 2, 6.75], "texture": "#0"},
				"down": {"uv": [6.25, 7, 5.25, 9], "texture": "#0"}
			}
		},
		{
			"from": [4.5, 10, 4],
			"to": [11.5, 15, 10],
			"rotation": {"angle": 0, "axis": "y", "origin": [5, 10, 4]},
			"faces": {
				"north": {"uv": [5.75, 4.75, 7.5, 6], "texture": "#0"},
				"east": {"uv": [6.75, 0, 8.25, 1.25], "texture": "#0"},
				"south": {"uv": [3.5, 6, 5.25, 7.25], "texture": "#0"},
				"west": {"uv": [6.25, 7, 7.75, 8.25], "texture": "#0"},
				"up": {"uv": [7.25, 3.25, 5.5, 1.75], "texture": "#0"},
				"down": {"uv": [7.5, 3.25, 5.75, 4.75], "texture": "#0"}
			}
		},
		{
			"from": [9.5, 15, 7],
			"to": [11.5, 17, 8],
			"rotation": {"angle": 0, "axis": "y", "origin": [10, 15, 7]},
			"faces": {
				"north": {"uv": [8.25, 0, 8.75, 0.5], "texture": "#0"},
				"east": {"uv": [8.75, 0, 9, 0.5], "texture": "#0"},
				"south": {"uv": [9.25, 0, 9.75, 0.5], "texture": "#0"},
				"west": {"uv": [9, 0, 9.25, 0.5], "texture": "#0"},
				"up": {"uv": [10.25, 0.25, 9.75, 0], "texture": "#0"},
				"down": {"uv": [5.5, 2.25, 5, 2.5], "texture": "#0"}
			}
		},
		{
			"from": [4.5, 15, 7],
			"to": [6.5, 17, 8],
			"rotation": {"angle": 0, "axis": "y", "origin": [5, 15, 7]},
			"faces": {
				"north": {"uv": [8.75, 0, 8.25, 0.5], "texture": "#0"},
				"east": {"uv": [9, 0, 9.25, 0.5], "texture": "#0"},
				"south": {"uv": [9.25, 0, 9.75, 0.5], "texture": "#0"},
				"west": {"uv": [8.75, 0, 9, 0.5], "texture": "#0"},
				"up": {"uv": [10.25, 0.25, 9.75, 0], "texture": "#0"},
				"down": {"uv": [5.5, 2.25, 5, 2.5], "texture": "#0"}
			}
		},
		{
			"from": [2.5, 10, 4],
			"to": [13.5, 17, 4],
			"rotation": {"angle": 0, "axis": "y", "origin": [3, 10, 4]},
			"faces": {
				"north": {"uv": [0, 2.5, 2.75, 4.25], "texture": "#0"},
				"east": {"uv": [0, 0, 0, 1.75], "texture": "#0"},
				"south": {"uv": [2.75, 2.5, 5.5, 4.25], "texture": "#0"},
				"west": {"uv": [0, 0, 0, 1.75], "texture": "#0"},
				"up": {"uv": [2.75, 0, 0, 0], "texture": "#0"},
				"down": {"uv": [2.75, 0, 0, 0], "texture": "#0"}
			}
		},
		{
			"from": [6.5, 10, 2],
			"to": [9.5, 12, 4],
			"rotation": {"angle": 0, "axis": "y", "origin": [7, 10, 2]},
			"faces": {
				"north": {"uv": [7.75, 6.75, 8.5, 7.25], "texture": "#0"},
				"east": {"uv": [4.5, 8.25, 5, 8.75], "texture": "#0"},
				"south": {"uv": [7.75, 7.25, 8.5, 7.75], "texture": "#0"},
				"west": {"uv": [6.25, 8.25, 6.75, 8.75], "texture": "#0"},
				"up": {"uv": [8.5, 8.25, 7.75, 7.75], "texture": "#0"},
				"down": {"uv": [8.75, 3.25, 8, 3.75], "texture": "#0"}
			}
		}
	],
	"display": {
		"gui": {
			"rotation": [0, 156, 0]
		},
		"fixed": {
			"rotation": [-90, 0, 0],
			"translation": [0, 0, -14.75],
			"scale": [2, 2, 2]
		}
	},
	"groups": [
		{
			"name": "group",
			"origin": [7, 10, 2],
			"color": 0,
			"children": [0, 1, 2, 3, 4, 5, 6, 7, 8, 9, 10]
		}
	]
}