{
	"credit": "Made with Blockbench",
	"texture_size": [64, 64],
	"textures": {
		"1": "mario:block/recordplayer"
	},
	"elements": [
		{
			"from": [0, 0, 0],
			"to": [16, 6, 16],
			"faces": {
				"north": {"uv": [6.75, 10.5, 10.75, 12], "texture": "#1"},
				"east": {"uv": [10.75, 6, 14.75, 7.5], "texture": "#1"},
				"south": {"uv": [10.75, 7.5, 14.75, 9], "texture": "#1"},
				"west": {"uv": [10.75, 9, 14.75, 10.5], "texture": "#1"},
				"up": {"uv": [4, 4, 0, 0], "texture": "#1"},
				"down": {"uv": [4, 4, 0, 8], "texture": "#1"}
			}
		},
		{
			"from": [-10, 0, 0],
			"to": [-1, 14, 12],
			"rotation": {"angle": -22.5, "axis": "y", "origin": [-10, 0, 0]},
			"faces": {
				"north": {"uv": [4, 7, 6.25, 10.5], "texture": "#1"},
				"east": {"uv": [4, 0, 7, 3.5], "texture": "#1"},
				"south": {"uv": [6.25, 7, 8.5, 10.5], "texture": "#1"},
				"west": {"uv": [4, 3.5, 7, 7], "texture": "#1"},
				"up": {"uv": [12.25, 3, 10, 0], "texture": "#1"},
				"down": {"uv": [12.25, 3, 10, 6], "texture": "#1"}
			}
		},
		{
			"from": [22, 0, -1],
			"to": [31, 14, 11],
			"rotation": {"angle": 22.5, "axis": "y", "origin": [31, 0, 11]},
			"faces": {
				"north": {"uv": [0, 8, 2.25, 11.5], "texture": "#1"},
				"east": {"uv": [7, 0, 10, 3.5], "texture": "#1"},
				"south": {"uv": [8.5, 7, 10.75, 10.5], "texture": "#1"},
				"west": {"uv": [7, 3.5, 10, 7], "texture": "#1"},
				"up": {"uv": [4.5, 13.5, 2.25, 10.5], "texture": "#1"},
				"down": {"uv": [6.75, 10.5, 4.5, 13.5], "texture": "#1"}
			}
		},
		{
			"from": [12, 6, 4],
			"to": [12, 12, 20],
			"rotation": {"angle": -45, "axis": "y", "origin": [12, 6, 4]},
			"faces": {
				"north": {"uv": [0, 0, 0, 1.5], "texture": "#1"},
				"east": {"uv": [10.75, 10.5, 14.75, 12], "texture": "#1"},
				"south": {"uv": [0, 0, 0, 1.5], "texture": "#1"},
				"west": {"uv": [6.75, 12, 10.75, 13.5], "texture": "#1"},
				"up": {"uv": [0, 4, 0, 0], "texture": "#1"},
				"down": {"uv": [0, 0, 0, 4], "texture": "#1"}
			}
		}
	],
	"display": {
		"thirdperson_righthand": {
			"scale": [0.5, 0.5, 0.5]
		},
		"thirdperson_lefthand": {
			"scale": [0.5, 0.5, 0.5]
		},
		"firstperson_righthand": {
			"scale": [0.5, 0.5, 0.5]
		},
		"firstperson_lefthand": {
			"scale": [0.5, 0.5, 0.5]
		},
		"gui": {
			"rotation": [19, 134, 3],
			"translation": [0, -0.25, 0],
			"scale": [0.5, 0.5, 0.5]
		},
		"fixed": {
			"rotation": [-90, 0, 0],
			"translation": [0, 0, -14],
			"scale": [2, 2, 2]
		}
	}
}