{
	"credit": "Made with Blockbench",
	"texture_size": [64, 64],
	"textures": {
		"0": "mario:block/statue",
		"particle": "statue"
	},
	"elements": [
		{
			"from": [-1, -5, -1],
			"to": [17, 0, 17],
			"rotation": {"angle": 0, "axis": "y", "origin": [-1, -5, -1]},
			"faces": {
				"north": {"uv": [8.5, 0, 13, 1.25], "texture": "#0"},
				"east": {"uv": [8.5, 1.25, 13, 2.5], "texture": "#0"},
				"south": {"uv": [8.5, 2.5, 13, 3.75], "texture": "#0"},
				"west": {"uv": [8.5, 3.75, 13, 5], "texture": "#0"},
				"up": {"uv": [4.5, 4.5, 0, 0], "texture": "#0"},
				"down": {"uv": [4.5, 4.5, 0, 9], "texture": "#0"}
			}
		},
		{
			"from": [4, 24, 4],
			"to": [12, 32, 12],
			"rotation": {"angle": 0, "axis": "y", "origin": [4, 24, 4]},
			"faces": {
				"north": {"uv": [8.5, 5, 10.5, 7], "texture": "#0"},
				"east": {"uv": [8.5, 7, 10.5, 9], "texture": "#0"},
				"south": {"uv": [0, 9, 2, 11], "texture": "#0"},
				"west": {"uv": [2, 9, 4, 11], "texture": "#0"},
				"up": {"uv": [10.5, 11, 8.5, 9], "texture": "#0"},
				"down": {"uv": [12.5, 5, 10.5, 7], "texture": "#0"}
			}
		},
		{
			"from": [4, 12, 6],
			"to": [12, 24, 10],
			"rotation": {"angle": 0, "axis": "y", "origin": [4, 12, 6]},
			"faces": {
				"north": {"uv": [4.5, 8, 6.5, 11], "texture": "#0"},
				"east": {"uv": [10.5, 7, 11.5, 10], "texture": "#0"},
				"south": {"uv": [6.5, 8, 8.5, 11], "texture": "#0"},
				"west": {"uv": [10.5, 10, 11.5, 13], "texture": "#0"},
				"up": {"uv": [14.5, 13.5, 12.5, 12.5], "texture": "#0"},
				"down": {"uv": [15, 0, 13, 1], "texture": "#0"}
			}
		},
		{
			"from": [4, 0, 6],
			"to": [8, 12, 10],
			"rotation": {"angle": 0, "axis": "y", "origin": [4, 0, 6]},
			"faces": {
				"north": {"uv": [0, 11, 1, 14], "texture": "#0"},
				"east": {"uv": [1, 11, 2, 14], "texture": "#0"},
				"south": {"uv": [2, 11, 3, 14], "texture": "#0"},
				"west": {"uv": [3, 11, 4, 14], "texture": "#0"},
				"up": {"uv": [11, 14, 10, 13], "texture": "#0"},
				"down": {"uv": [14.5, 5, 13.5, 6], "texture": "#0"}
			}
		},
		{
			"from": [8, 0, 6],
			"to": [12, 12, 10],
			"rotation": {"angle": 0, "axis": "y", "origin": [8, 0, 6]},
			"faces": {
				"north": {"uv": [4, 11, 5, 14], "texture": "#0"},
				"east": {"uv": [5, 11, 6, 14], "texture": "#0"},
				"south": {"uv": [6, 11, 7, 14], "texture": "#0"},
				"west": {"uv": [7, 11, 8, 14], "texture": "#0"},
				"up": {"uv": [14.5, 7, 13.5, 6], "texture": "#0"},
				"down": {"uv": [14.5, 7, 13.5, 8], "texture": "#0"}
			}
		},
		{
			"from": [0, 17, 1],
			"to": [4, 27, 5],
			"rotation": {"angle": 45, "axis": "x", "origin": [0, 17, 1]},
			"faces": {
				"north": {"uv": [8, 11, 9, 13.5], "texture": "#0"},
				"east": {"uv": [9, 11, 10, 13.5], "texture": "#0"},
				"south": {"uv": [11.5, 7, 12.5, 9.5], "texture": "#0"},
				"west": {"uv": [11.5, 9.5, 12.5, 12], "texture": "#0"},
				"up": {"uv": [9, 14.5, 8, 13.5], "texture": "#0"},
				"down": {"uv": [14.5, 8, 13.5, 9], "texture": "#0"}
			}
		},
		{
			"from": [12, 17, 1],
			"to": [16, 27, 5],
			"rotation": {"angle": 45, "axis": "x", "origin": [12, 17, 1]},
			"faces": {
				"north": {"uv": [11.5, 12, 12.5, 14.5], "texture": "#0"},
				"east": {"uv": [12.5, 5, 13.5, 7.5], "texture": "#0"},
				"south": {"uv": [12.5, 7.5, 13.5, 10], "texture": "#0"},
				"west": {"uv": [12.5, 10, 13.5, 12.5], "texture": "#0"},
				"up": {"uv": [10, 14.5, 9, 13.5], "texture": "#0"},
				"down": {"uv": [14.5, 9, 13.5, 10], "texture": "#0"}
			}
		},
		{
			"from": [4, 17, 1],
			"to": [12, 21, 5],
			"rotation": {"angle": 45, "axis": "x", "origin": [4, 17, 1]},
			"faces": {
				"north": {"uv": [13, 1, 15, 2], "texture": "#0"},
				"east": {"uv": [13.5, 10, 14.5, 11], "texture": "#0"},
				"south": {"uv": [13, 2, 15, 3], "texture": "#0"},
				"west": {"uv": [13.5, 11, 14.5, 12], "texture": "#0"},
				"up": {"uv": [15, 4, 13, 3], "texture": "#0"},
				"down": {"uv": [15, 4, 13, 5], "texture": "#0"}
			}
		},
		{
			"from": [8.5, -3.5, 2],
			"to": [24.5, 12.5, 2],
			"rotation": {"angle": 45, "axis": "z", "origin": [8, -4, 2]},
			"faces": {
				"north": {"uv": [4.5, 0, 8.5, 4], "rotation": 90, "texture": "#0"},
				"east": {"uv": [4, 0, 0, 0], "rotation": 270, "texture": "#0"},
				"south": {"uv": [4.5, 4, 8.5, 8], "rotation": 270, "texture": "#0"},
				"west": {"uv": [4, 0, 0, 0], "rotation": 270, "texture": "#0"},
				"up": {"uv": [0, 0, 0, 4], "rotation": 270, "texture": "#0"},
				"down": {"uv": [0, 0, 0, 4], "rotation": 270, "texture": "#0"}
			}
		}
	],
	"display": {
		"thirdperson_righthand": {
			"scale": [0.4, 0.4, 0.4]
		},
		"thirdperson_lefthand": {
			"scale": [0.4, 0.4, 0.4]
		},
		"firstperson_righthand": {
			"scale": [0.4, 0.4, 0.4]
		},
		"firstperson_lefthand": {
			"scale": [0.4, 0.4, 0.4]
		},
		"ground": {
			"translation": [0, 2, 0],
			"scale": [0.5, 0.5, 0.5]
		},
		"gui": {
			"rotation": [35, 149, 0],
			"translation": [0, -2.5, 0],
			"scale": [0.5, 0.5, 0.5]
		},
		"head": {
			"translation": [0, 16, 0]
		},
		"fixed": {
			"rotation": [-90, 0, 0],
			"translation": [0, 0, -23.5],
			"scale": [2, 2, 2]
		}
	}
}