{
	"credit": "Made with Blockbench",
	"texture_size": [64, 64],
	"textures": {
		"0": "mario:block/Stopsign",
		"particle": "Stopsign"
	},
	"elements": [
		{
			"from": [7, -15, 7],
			"to": [9, 15, 8],
			"rotation": {"angle": 0, "axis": "y", "origin": [7, -15, 7]},
			"faces": {
				"north": {"uv": [4.5, 0, 5, 8], "texture": "#0"},
				"east": {"uv": [5, 0, 5.5, 8], "texture": "#0"},
				"south": {"uv": [5.5, 0, 6, 8], "texture": "#0"},
				"west": {"uv": [6, 0, 6.5, 8], "texture": "#0"},
				"up": {"uv": [7, 0.5, 6.5, 0], "texture": "#0"},
				"down": {"uv": [7, 0.5, 6.5, 1], "texture": "#0"}
			}
		},
		{
			"from": [7, 22, 7],
			"to": [9, 24, 8],
			"rotation": {"angle": 0, "axis": "y", "origin": [7, 22, 7]},
			"faces": {
				"north": {"uv": [4.5, 0, 5, 8], "texture": "#0"},
				"east": {"uv": [5, 0, 5.5, 8], "texture": "#0"},
				"south": {"uv": [5.5, 0, 6, 8], "texture": "#0"},
				"west": {"uv": [6, 0, 6.5, 8], "texture": "#0"},
				"up": {"uv": [7, 0.5, 6.5, 0], "texture": "#0"},
				"down": {"uv": [7, 0.5, 6.5, 1], "texture": "#0"}
			}
		},
		{
			"from": [-1, 14, 6.9],
			"to": [17, 32, 6.9],
			"rotation": {"angle": 0, "axis": "y", "origin": [-1, 14, 7]},
			"faces": {
				"north": {"uv": [0, 0, 4.5, 4.5], "texture": "#0"},
				"east": {"uv": [0, 0, 0, 4.5], "texture": "#0"},
				"south": {"uv": [0, 4.5, 4.5, 9], "texture": "#0"},
				"west": {"uv": [0, 0, 0, 4.5], "texture": "#0"},
				"up": {"uv": [4.5, 0, 0, 0], "texture": "#0"},
				"down": {"uv": [4.5, 0, 0, 0], "texture": "#0"}
			}
		},
		{
			"from": [-1, 14, 8],
			"to": [17, 32, 8],
			"rotation": {"angle": 0, "axis": "y", "origin": [-1, 14, 8]},
			"faces": {
				"north": {"uv": [0, 0, 4.5, 4.5], "texture": "#0"},
				"east": {"uv": [0, 0, 0, 4.5], "texture": "#0"},
				"south": {"uv": [0, 4.5, 4.5, 9], "texture": "#0"},
				"west": {"uv": [0, 0, 0, 4.5], "texture": "#0"},
				"up": {"uv": [4.5, 0, 0, 0], "texture": "#0"},
				"down": {"uv": [4.5, 0, 0, 0], "texture": "#0"}
			}
		}
	],
	"display": {
		"fixed": {
			"rotation": [-90, 0, 0],
			"translation": [0, 0, -41],
			"scale": [2, 2, 2]
		}
	}
}