{
	"credit": "Made with Blockbench",
	"texture_size": [64, 64],
	"textures": {
		"0": "mario:block/tashcan",
		"particle": "tashcan"
	},
	"elements": [
		{
			"from": [1, 0, 1],
			"to": [15, 23, 15],
			"rotation": {"angle": 0, "axis": "y", "origin": [1, 0, 1]},
			"faces": {
				"north": {"uv": [0, 0, 3.5, 5.75], "texture": "#0"},
				"east": {"uv": [3.5, 0, 7, 5.75], "texture": "#0"},
				"south": {"uv": [0, 5.75, 3.5, 11.5], "texture": "#0"},
				"west": {"uv": [3.5, 5.75, 7, 11.5], "texture": "#0"},
				"up": {"uv": [10.5, 11.5, 7, 8], "texture": "#0"},
				"down": {"uv": [14, 8, 10.5, 11.5], "texture": "#0"}
			}
		},
		{
			"from": [0, 11, 14],
			"to": [16, 13, 30],
			"rotation": {"angle": 45, "axis": "x", "origin": [0, 11, 14]},
			"faces": {
				"north": {"uv": [11, 0, 15, 0.5], "texture": "#0"},
				"east": {"uv": [11, 0.5, 15, 1], "texture": "#0"},
				"south": {"uv": [11, 1, 15, 1.5], "texture": "#0"},
				"west": {"uv": [11, 1.5, 15, 2], "texture": "#0"},
				"up": {"uv": [11, 4, 7, 0], "texture": "#0"},
				"down": {"uv": [11, 4, 7, 8], "texture": "#0"}
			}
		},
		{
			"from": [4, 7, 21],
			"to": [12, 7, 25],
			"rotation": {"angle": -45, "axis": "x", "origin": [4, 7, 21]},
			"faces": {
				"north": {"uv": [0, 0, 2, 0], "texture": "#0"},
				"east": {"uv": [0, 0, 1, 0], "texture": "#0"},
				"south": {"uv": [0, 0, 2, 0], "texture": "#0"},
				"west": {"uv": [0, 0, 1, 0], "texture": "#0"},
				"up": {"uv": [13, 3, 11, 2], "texture": "#0"},
				"down": {"uv": [13, 3, 11, 4], "texture": "#0"}
			}
		}
	],
	"display": {
		"thirdperson_righthand": {
			"scale": [0.2, 0.2, 0.2]
		},
		"thirdperson_lefthand": {
			"scale": [0.2, 0.2, 0.2]
		},
		"firstperson_righthand": {
			"translation": [0, 1.25, 0],
			"scale": [0.2, 0.2, 0.2]
		},
		"firstperson_lefthand": {
			"translation": [0, 1, 0],
			"scale": [0.2, 0.2, 0.2]
		},
		"ground": {
			"scale": [0.5, 0.5, 0.5]
		},
		"gui": {
			"rotation": [0, 50, 0],
			"translation": [-1.25, -2.5, 0],
			"scale": [0.5, 0.5, 0.5]
		},
		"fixed": {
			"rotation": [-90, 0, 0],
			"translation": [0, 0, -15.75],
			"scale": [2, 2, 2]
		}
	}
}