{
	"credit": "Made with Blockbench",
	"texture_size": [64, 64],
	"textures": {
		"0": "mario:block/trashbag",
		"particle": "trashbag"
	},
	"elements": [
		{
			"from": [1, 0, 1],
			"to": [15, 19, 15],
			"rotation": {"angle": 0, "axis": "y", "origin": [1, 0, 1]},
			"faces": {
				"north": {"uv": [0, 0, 3.5, 4.75], "texture": "#0"},
				"east": {"uv": [3.5, 0, 7, 4.75], "texture": "#0"},
				"south": {"uv": [0, 4.75, 3.5, 9.5], "texture": "#0"},
				"west": {"uv": [3.5, 4.75, 7, 9.5], "texture": "#0"},
				"up": {"uv": [10.5, 3.5, 7, 0], "texture": "#0"},
				"down": {"uv": [10.5, 3.5, 7, 7], "texture": "#0"}
			}
		},
		{
			"from": [3, 19, 13],
			"to": [17, 25, 13],
			"rotation": {"angle": 45, "axis": "y", "origin": [3, 19, 13]},
			"faces": {
				"north": {"uv": [7, 7, 10.5, 8.5], "texture": "#0"},
				"east": {"uv": [0, 0, 0, 1.5], "texture": "#0"},
				"south": {"uv": [7, 8.5, 10.5, 10], "texture": "#0"},
				"west": {"uv": [0, 0, 0, 1.5], "texture": "#0"},
				"up": {"uv": [3.5, 0, 0, 0], "texture": "#0"},
				"down": {"uv": [3.5, 0, 0, 0], "texture": "#0"}
			}
		},
		{
			"from": [13, 19, -1],
			"to": [13, 25, 13],
			"rotation": {"angle": 45, "axis": "y", "origin": [13, 19, 13]},
			"faces": {
				"north": {"uv": [0, 0, 0, 1.5], "texture": "#0"},
				"east": {"uv": [7, 8.5, 10.5, 10], "texture": "#0"},
				"south": {"uv": [0, 0, 0, 1.5], "texture": "#0"},
				"west": {"uv": [7, 7, 10.5, 8.5], "texture": "#0"},
				"up": {"uv": [3.5, 0, 0, 0], "rotation": 270, "texture": "#0"},
				"down": {"uv": [3.5, 0, 0, 0], "rotation": 90, "texture": "#0"}
			}
		}
	],
	"display": {
		"thirdperson_righthand": {
			"scale": [0.4, 0.4, 0.4]
		},
		"thirdperson_lefthand": {
			"scale": [0.4, 0.4, 0.4]
		},
		"firstperson_righthand": {
			"scale": [0.4, 0.4, 0.4]
		},
		"firstperson_lefthand": {
			"scale": [0.4, 0.4, 0.4]
		},
		"ground": {
			"scale": [0.4, 0.4, 0.4]
		},
		"head": {
			"translation": [0, 1.5, 0]
		},
		"fixed": {
			"rotation": [-90, 0, 0],
			"translation": [0, 0, -16],
			"scale": [2, 2, 2]
		}
	}
}