{
	"credit": "Made with Blockbench",
	"texture_size": [128, 128],
	"textures": {
		"0": "mario:block/Tv",
		"particle": "Tv"
	},
	"elements": [
		{
			"from": [-1, 0, 0],
			"to": [17, 18, 16],
			"rotation": {"angle": 0, "axis": "y", "origin": [-1, 0, 0]},
			"faces": {
				"north": {"uv": [2.5, 0, 4.75, 2.25], "texture": "#0"},
				"east": {"uv": [2.5, 4.5, 4.5, 6.75], "texture": "#0"},
				"south": {"uv": [2.5, 2.25, 4.75, 4.5], "texture": "#0"},
				"west": {"uv": [4.5, 4.5, 6.5, 6.75], "texture": "#0"},
				"up": {"uv": [7, 2, 4.75, 0], "texture": "#0"},
				"down": {"uv": [7, 2, 4.75, 4], "texture": "#0"}
			}
		},
		{
			"from": [2, 2, 16],
			"to": [14, 14, 19],
			"rotation": {"angle": 0, "axis": "y", "origin": [2, 2, 16]},
			"faces": {
				"north": {"uv": [0, 5, 1.5, 6.5], "texture": "#0"},
				"east": {"uv": [6.5, 5, 6.875, 6.5], "texture": "#0"},
				"south": {"uv": [0, 6.5, 1.5, 8], "texture": "#0"},
				"west": {"uv": [6.5, 6.5, 6.875, 8], "texture": "#0"},
				"up": {"uv": [4, 7.125, 2.5, 6.75], "texture": "#0"},
				"down": {"uv": [5.5, 6.75, 4, 7.125], "texture": "#0"}
			}
		},
		{
			"from": [-2, -1, -1],
			"to": [18, 19, 3],
			"rotation": {"angle": 0, "axis": "y", "origin": [-2, -1, -1]},
			"faces": {
				"north": {"uv": [0, 0, 2.5, 2.5], "texture": "#0"},
				"east": {"uv": [1.5, 5, 2, 7.5], "texture": "#0"},
				"south": {"uv": [0, 2.5, 2.5, 5], "texture": "#0"},
				"west": {"uv": [2, 5, 2.5, 7.5], "texture": "#0"},
				"up": {"uv": [7.25, 4.5, 4.75, 4], "texture": "#0"},
				"down": {"uv": [9, 4.5, 6.5, 5], "texture": "#0"}
			}
		}
	],
	"display": {
		"thirdperson_righthand": {
			"scale": [0.2, 0.2, 0.2]
		},
		"thirdperson_lefthand": {
			"scale": [0.2, 0.2, 0.2]
		},
		"firstperson_righthand": {
			"scale": [0.2, 0.2, 0.2]
		},
		"firstperson_lefthand": {
			"scale": [0.2, 0.2, 0.2]
		},
		"ground": {
			"scale": [0.5, 0.5, 0.5]
		},
		"gui": {
			"rotation": [30, 149, 0],
			"scale": [0.5, 0.5, 0.5]
		},
		"head": {
			"translation": [0, -0.25, 0]
		},
		"fixed": {
			"rotation": [-90, 0, 0],
			"translation": [0, -2, -14],
			"scale": [2, 2, 2]
		}
	}
}